Law-Name,Category,Chapter,Article-Category,Article-Number,Article-Description,Punishment,,,,
"
Sexual offence: Child
Defilement ",133,Felony,"Insertion of sexual organ/body
part/object into a child's sexual
organ, anus, or mouth; any act
for bodily pleasure. ","20-25 years’ imprisonment.
Life imprisonment if the
child is under 14 or if it
results in incurable
illness/disability.",,,,
"
sexual offence: Aggravated
Child
Defilement",133,Felony,"Committed on a child under 14
years. Either Resulting in an
incurable illness or disability.
Or followed by cohabitation as
husband and wife.",Life imprisonment,,,,
sexual offence:Rape,144,Felony,"Forced sexual intercourse or
penetration by force, threats,
trickery, authority, or victim's
vulnerability.","10-15 years’ imprisonment
+ fine (FRW 1,000,000 -
FRW 2,000,000). Higher
penalties for specific
circumstances. ",,,,
Sexual offences: Aggravated Rape,134,Felony,"Rape of a person over 65,
disabled, or unable to defend
themselves.","15-20 years’ imprisonment,
FRW 1M-2M fine ",,,,
Sexual offences: Aggravated Rape,134,Felony,"Rape resulting in an incurable
illness or disability. ","
20-25 years’ imprisonment,
FRW 500K-1M fine ",,,,
Sexual offences: Aggravated Rape,134,Felony,"Rape committed by multiple
persons, resulted in death, on a
second-degree relative, or
intended to infect with an
incurable illness. ",Life imprisonment,,,,
"Sexual offence:Indecent
Assault  ",135,Misdemeanour,"Any indecent act on another
person’s body without their
consent.","1-2 years’ imprisonment +
fine (FRW 100,000 - FRW
300,000). Doubled penalties
for certain offenders. ",,,,
"
Sexual offence: Aggravated
Indecent
Assault ",135,Misdemeanour,"
Committed in public.","2-3 years’ imprisonment,
FRW 500K-1M fine ",,,,
"
Sexual offence: Indecent  Assault
(with aggravating factors)",135,Misdemeanour,"
Offender is a relative, teacher,
authority figure, medical
personnel, or used
threats/force. ","
Double the penalty of base
offence ",,,,
offence against moralityAdultery,136,Misdemeanour,"Sexual intercourse with
someone other than one’s
spouse. ","6 months - 1 year
imprisonment. Only
prosecuted upon the
spouse’s complaint. ",,,,
"

Offence against morality:Sexual  Violence
 Against a Spouse  ",137,Misdemeanour,"
Committing physical and
sexual violence against their
spouse.
Committing physical and
sexual violence against their
spouse.",3-5 years’ imprisonment.,,,,
Offence against morarity Concubinage ,138,Misdemeanour,"Living as husband and wife
with someone other than a
legal spouse while being
married.",1-2 years’ imprisonment.,,,,
"Offences against morality: Desertion of
Marital
Home ",139,Petty Offence,"
Leaving the marital home for
more than 2 months without
serious reasons or
Husband deserts pregnant wife
for more than one month
without serious reason.","
3-6 months imprisonment.
If the wife is pregnant, the
husband is penalized for
desertion after 1 month. ",,,,
Offence against morality: Bigamy,141,Misdemeanour,"Entering a new marriage while
still legally married.  ","1-2 years’ imprisonment +
fine (FRW 300,000 - FRW
500,000). ",,,,
"
sexual offence: Bestiality ",142,Misdemeanour,"
Engaging in a sexual act with
an animal. ","6 months - 1 year
imprisonment ",,,,
"Sexual offence:Aggravated
Bestiality",142,Felony,"Causing another person to
engage in a sexual act with an
animal.","
7-10 years’ imprisonment,
FRW 3M-5M fine",,,,
"Offence against morality:Public
Indecency ",143,Misdemeanour,"Performing an indecent act in
public. ", 6 months - 2 years’ imprisonment.,,,,
"
Privacy offence: Violation of
Domicile ",155,Petty Offence,"
Unauthorized entry into
another person's home, house,
room, or accommodation.","
2 to 6 months
imprisonment, fine between
FRW 500,000 and FRW
1,000,000",,,,
"Privacy offence: Aggravated
Violation of
Domicile ",155,Misdemeanour,"
Unauthorized entry using
threats, housebreaking, or false
keys. ","
3 to 5 years imprisonment,
fine between FRW
1,000,000 and FRW
2,000,000 or one of these
penalties.",,,,
"
Privacy offence: Secretly Listening to
Conversations",156,Misdemeanour,"
Secretly listening to or
disclosing confidential
statements without
authorization. ","
6 months to 1 year
imprisonment, fine between
FRW 1,000,000 and FRW
2,000,000 or one of these
penalties.",,,,
"
Privacy offence: Unauthorized Recording and
Disclosure ",156,Misdemeanour,"

Taking a photo, audio, or video
recording and disclosing them
without authorization.","
6 months to 1 year
imprisonment, fine between
FRW 1,000,000 and FRW
2,000,000 or one of these
penalties.",,,,
"Privacy offence: Publication of Edited
Statements or Images ",157,Misdemeanour,"Publishing an edited version of
a person's statements or images
without stating it is edited. ","6 months to 1 year
imprisonment, fine between
FRW 1,000,000 and FRW
2,000,000. ",,,,
Privacy offence: Breach of Professional Secrecy ,158,Misdemeanour,"Revealing professional secrecy
entrusted by virtue of function,
occupation, or mandate. ","
1 to 2 years imprisonment,
fine between FRW
2,000,000 and FRW
3,000,000. ",,,,
"
Privacy offence: Offences Against
Correspondences",159,Misdemeanour,"Fraudulently removing,
delaying, or diverting
correspondences or documents. ","
1 to 2 years imprisonment,
fine between FRW
1,000,000 and FRW
3,000,000.",,,,
"Privacy offence: Unauthorized
Interception of
Communication",159, Misdemeanour,"Intercepting, recording,
diverting, or disclosing
telecommunications without
authorization. ","
1 to 2 years imprisonment,
fine between FRW
1,000,000 and FRW
3,000,000.",,,,
"Privacy offence: Unauthorized Collection of Personal
Data ",160,Misdemeanour,"Collecting, recording, or
archiving personal information
in a way that affects privacy or
honor.","6 months to 1 year
imprisonment, fine between
FRW 1,000,000 and FRW
2,000,000. ",,,,
Defamation offence: Public Insult ,161,Petty Offence,"
Publicly insulting another
person using signs, practices,
statements, or written
documents. ","15 days to 2 months
imprisonment, fine between
FRW 100,000 and FRW
200,000, or community
service for up to 15 days. ",,,,
"Prosecution
for Intimate
Privacy
Offences ",162,"Legal
procedure  ","Privacy offences are only
prosecuted at the request of the
victim or their legal
representative. ","Based on victim’s request
for prosecution.",,,,
Theft,166,	Misdemeanour,Unlawful taking of property belonging to another.,"1–2 years imprisonment, fine of FRW 1,000,000–2,000,000, 6 months community service or only one of these",,,,
	Aggravated Theft,167,Misdemeanour,"Theft committed under aggravating circumstances (e.g. burglary, night, multiple offenders).",Penalty for theft doubles as per base in Article 166.,,,,
Theft with Violence or Threats,168,	Felony,Theft involving violence or threats.,"5–7 years imprisonment + FRW 3,000,000–5,000,000 fine. Higher penalties if it causes injury or death",,,,
Motor Vehicle Theft Across Borders,169,Felony,Stealing vehicle to transfer it to another country.,">5–7 years imprisonment, fine FRW 5,000,000–10,000,000.",,,,
Armed Robbery,170,Felony,Theft committed with a weapon.,"10–15 years imprisonment, FRW 5,000,000–7,000,000 fine.",,,,
Aggravated Armed Robbery,170,Felony,"Armed robbery by multiple persons, with used weapon or in dwelling.","15–20 years imprisonment + FRW 5,000,000–7,000,000 fine.",,,,
Armed Robbery causing death/organized gang,170,Felony,Armed robbery leading to death or committed by gang.,Life imprisonment.,,,,
Extortion,171,Misdemeanour,Forcing someone through violence/coercion to give gain/signature/fingerprint,"3–5 years imprisonment + FRW 3,000,000–5,000,000 fine.",,,,
Fraudulent Retention of Found Property,172,Petty Offence,Keeping lost item intentionally or giving it to someone else.,"Fine FRW 300,000–500,000 or 15–30 days community service.",,,,
Forging/Altering Keys,173,Misdemeanour,Fraudulent key forging or using master key.,"6 months–1 year imprisonment + FRW 500,000–1,000,000 fine or only one of these.",,,,
Forging/Altering Keys by Locksmith,173,Misdemeanour,Fraudulent key forging or using master key committed by a locksmith.,">1–2 years imprisonment + FRW 1,000,000–2,000,000 fine.",,,,
Fraud,174,Misdemeanour,Deceiving someone to obtain money/property via false identity or promises.,"2–3 years imprisonment + FRW 3,000,000–5,000,000 fine.",,,,
Fraud by Issuing Securities,174,Misdemeanour,"Fraud related to issuing shares, securities, vouchers, etc.","3–5 years imprisonment + FRW 5,000,000–7,000,000 fine.",,,,
	Non-payment of Bills,175,Petty Offence,Ordering non-returnable items knowingly unable to pay.,"15 days–2 months imprisonment + FRW 100,000–200,000 fine or max 15 days community service.",,,,
Breach of Trust,176,Misdemeanour,"Misuse of entrusted property (embezzling, misusing, giving it away).","3–5 years imprisonment + FRW 500,000–1,000,000 fine.",,,,
Selling or Pledging Another Person’s Property,177,Misdemeanour,Selling/pledging property one does not own.,"1–2 years imprisonment + FRW 500,000–1,000,000 fine.",,,,
Destruction of Mortgaged Property,177,Misdemeanour,Debtor/creditor destroys/embezzles mortgaged property.,"1–2 years imprisonment + FRW 1,000,000–2,000,000 fine.",,,,
	Genocide,91,Felony,"Acts committed with intent to destroy a national, ethnic, racial, or religious group. Includes killing, serious harm, destruction of life conditions, preventing births, or forcible transfer of children.",Life imprisonment without possibility of mitigation.,,,,
Conspiracy to Commit Genocide,93,Felony,Agreement between persons to commit genocide.,Life imprisonment.,,,,
Planning of Genocide,93,Felony,Pre-arranged design to commit genocide.,Life imprisonment,,,,
Direct or Indirect Incitement to Genocide,93,Felony,Provoking or encouraging others to commit genocide.,Life imprisonment,,,,
Attempt to Commit Genocide,93,Felony,Taking steps towards the execution of genocide without completing it.,Life imprisonment,,,,
Complicity in Genocide,93,Felony,Assisting or aiding in the commission of genocide.,Life imprisonment,,,,
Crime Against Humanity: Murder,94,Felony,Intentional killing as part of a widespread or systematic attack on civilians.,Life imprisonment,,,,
Crime Against Humanity: Extermination,94,Felony,Mass killing of peaple,Life Imprisonment,,,,
Crime Against Humanity: Enslavement,94,Felony,Exercising powers of ownership over a person.,	Life imprisonment.,,,,
Crime Against Humanity: Deportation/Transfer,94,Felony,Forcibly removing persons from their lawful homes.,20–25 years imprisonment; Life imprisonment if with degrading treatment.,,,,
Crime Against Humanity: Unlawful Imprisonment,94,Felony,Severe deprivation of liberty contrary to law.,20–25 years imprisonment; Life imprisonment if with degrading treatment.,,,,
Crime Against Humanity: Torture,94,Felony,Severe pain or suffering inflicted intentionally.,Life imprisonment,,,,
	Crime Against Humanity: Sexual Violence,94,Felony,"Acts such as rape, sexual slavery, forced prostitution, or sterilization.",Life imprisonment.,,,,
Crime Against Humanity: Persecution,94,Felony,"Severe deprivation of rights due to politics, religion, or ethnicity.",20–25 years imprisonment; Life imprisonment if with degrading treatment.,,,,
Crime Against Humanity: Enforced Disappearance,94,Felony,Abduction with refusal to disclose fate or whereabouts.,Life imprisonment.,,,,
Crime Against Humanity: Apartheid,94,Felony,	Inhuman acts committed to establish and maintain domination by one racial group.,20–25 years imprisonment; Life imprisonment if with degrading treatment.,,,,
Crime Against Humanity: Other Inhumane Acts,94,Felony,Similar acts causing great suffering or serious injury.,Life imprisonment,,,,
Gusambanya umwana,ingingo ya 133(1),ibyaha bishingiye kugitsina  ," Kwinjiza  imyanya  ndangagitsina /  igice
cyumubiri /  ikintu  mu  gitsina  cyumwana,
anus,  cyangwa  umunwa;  igikorwa  icyo
aricyo  cyose  cyo  kwishimira  umubiri.","Igifungo  cy'imyaka  20-25.
 Igifungo  cya  burundu  niba  umwana
ari  munsi  yimyaka  14  cyangwa
niba  biviramo  uburwayi /
ubumuga  budakira.",,,,
"  Byiyongereye
gusambanye
 umwana birenze",ingingo ya 133 (2),ibyaha bishingiye kugitsina  ,"iyo byakorewe  umwana  uri  munsi  yimyaka  14.
bikaba byamuviramo  uburwayi  budakira
cyangwa  ubumuga.
 Cyangwa  ugakurikirwa  no  kubana
nkumugabo  numugore.",uhanishwa Igifungo cya burundu,,,,
" Gukoresha undi
imibonano mpuzabitsina ku gahato ",ingingo ya 134(1),ibyaha bishingiye kugitsina  ,"Guhuza  ibitsina  ku  gahato  cyangwa
kwinjira  ku  gahato,  iterabwoba,  amayeri,
ubutware,  cyangwa  intege  nke
z'uwahohotewe."," Iyo uhamwe niki cyaha uhanishwa Igifungo  cyimyaka  10-15  +  ihazabu
(FRW  1.000.000
FRW  2.000.000).  Ibihano  bihanitse
kubintu  byihariye.",,,,
"Gukoresha undi
imibonano mpuzabitsina ku gahato  ariko kuburyo bukabije",ingingo ya 134(2),ibyaha bishingiye kugitsina  ,"Iyo gukoresha imibonano mpuzabitsina ku
gahato byakozwe ku muntu ufite hejuru
y’imyaka mirongo itandatu n’itanu (65), ku
muntu ufite ubumuga cyangwa uburwayi
butuma adashobora kwirwanaho","igihano
kiba igifungo kirenze imyaka cumi n’itanu
(15) ariko kitageze ku myaka makumyabiri
(20) n’ihazabu y’amafaranga y’u Rwanda
atari munsi ya miliyoni imwe (1.000.000
FRW) ariko atarenze miliyoni ebyiri
(2.000.000 FRW). ",,,,
"Gukoresha undi
imibonano mpuzabitsina ku gahato  ariko kuburyo bukabije cyane",ingingo ya 134(3),ibyaha bishingiye kugitsina  ,"Iyo gukoresha imibonano mpuzabitsina ku
gahato byateye indwara idakira cyangwa
ubumuga, "," uwabikoze ahanishwa igifungo
kirenze imyaka makumyabiri (20) ariko
itarenze imyaka makumyabiri n’itanu (25)
n’ihazabu y’amafaranga y’u Rwanda atari
munsi y’ibihumbi magana atanu (500.000
FRW) ariko atarenze miliyoni imwe
(1.000.000 FRW).",,,,
"Gukoresha undi
imibonano mpuzabitsina ku gahato  ariko kuburyo bukabije cyane",ingingo ya 134(4),ibyaha bishingiye kugitsina  ," Iyo byakozwe n’abantu barenze umwe;
byateye urupfu uwabikorewe;
 byakozwe ku muntu bafitanye isano kugeza ku gisanira cya kabiri;
 byakozwe cyangwa hagamijwe kumwanduza indwara idakira","Igihano kiba igifungo cya burundu iyo
gukoresha imibonano mpuzabitsina ku
gahato:",,,,
Urukozasoni ,ingingo ya 135 (1),ibyaha bishingiye kugitsina  ,"Umuntu wese ukora igikorwa gikoza isoni
mu buryo ubwo aribwo bwose ku mubiri
w’undi, nyiri ukubikorerwa atabishaka, ","Umuntu wese uhamijwe n’urukiko gukora
icyaha cy’urukozasoni, ahanishwa igifungo
kitari munsi y’umwaka umwe (1) ariko
kitarenze imyaka ibiri (2) n’ihazabu
y’amafaranga y’u Rwanda atari munsi
y’ibihumbi ijana (100.000 FRW) ariko
atarenze ibihumbi magana atatu (300.000
FRW).",,,,
"Urukozasoni  ariko
birenze urugero",ingingo ya 135 (2),ibyaha bishingiye kugitsina,"Iyo icyaha cy’ urukozasoni
Cyakorewe mu ruhame","ahanishwa
igifungo kitari munsi y’imyaka ibiri (2)
ariko kitarenze imyaka itatu (3) n’ihazabu
y’amafaranga y’u Rwanda atari munsi
y’ibihumbi magana atanu (500.000 FRW)
ariko atarenze miliyoni imwe (1.000.000 FRW)",,,,
"Urukozasoni
(hamwe
nimpamvu
zongera  ububi)",ingingo ya 135 (2),ibyaha bishingiye kugitsina  ,"Uwakoze  icyaha  ni  mwene  wabo,
umwarimu,  umuntu  ufite
ububasha,  abaganga,
cyangwa  ibikangisho /  imbaraga.","ibihano byavuzwe haruguru
 byikuba Inshuro  ebyiri ",,,,
Ubusambanyi,ingingo ya 136,"Ibyaha binyuranyije
n’imyifatire myiza ","Imibonano mpuzabitsina
nundi muntu utari uwo uwo
 mwashakanye."," Iyo abihamijwe n’urukiko ahanishwa igifungo
kitari munsi y’amezi atandatu (6) ariko
kitarenze umwaka umwe (1).
Gusa Gukurikirana  icyaha cy’ubusambanyi
ntibishobora kuba hatareze uwahemukiwe
mu bashyingiranywe ku buryo bwemewe
n’amategeko. ",,,,
"Guhohotera bishingiye
ku gitsina uwo bashyingiranywe ",ingingo ya 137,"Ibyaha binyuranyije
n’imyifatire myiza ","
Umuntu wese ukorera uwo bishyingiranywe
igikorwa cy’ihohotera kibabaza umubiri
kandi gishingiye ku gitsina, aba akoze
icyaha","Iyo abihamijwe n’urukiko,
ahanishwa igifungo kitari munsi y’imyaka
itatu (3) ariko kitarenze imyaka itanu (5). ",,,,
Ubushoreke,Ingingo ya 138,"Ibyaha binyuranyije
n’imyifatire myiza ","Umuntu ubana nk’umugabo n’umugore
n’uwo batashyingiranywe umwe muri bo
cyangwa bombi bafite uwo
bashyingiranywe, aba akoze icyaha.","Iyo abihamijwe n’urukiko, ahanishwa igifungo
kirenze umwaka umwe (1) ariko kitarenze
imyaka ibiri (2).
",,,,
Guta urugo,Ingingo  ya 139,"Ibyaha binyuranyije
n’imyifatire myiza ","Umwe mu bashyingiranywe uta urugo rwe mu gihe kirenze amezi abiri (2) nta mpamvu zikomeye akihunza ibyo ategetswe, cyangwa umugabo utaye
umugore we ku bushake, nta mpamvu
ikomeye, mu gihe kirenze ukwezi kumwe (1) azi ko atwite.aba akoze icyaha.  Icyakora,  kutabana bitewe n’uko umwe mu bashyingiranywe afashwe nabi ntabwo byitwa guta urugo mu gihe yagiye abimenyesheje ubuyobozi bumwegereye bigakorerwa inyandiko.  ","Iyo abihamijwe n’urukiko, ahanishwa
igifungo kitari munsi y’amezi atatu (3)
ariko kitarenze amezi atandatu (6).",,,,
"

Gukora amasezerano yo gushyingirwa andi ataraseswa cyangwa
kwakira bene ayo masezerano ",Ingingo ya 141,"Ibyaha binyuranyije
n’imyifatire myiza ","
Umuntu wese ukora amasezerano yo gushyingirwa aya mbere agifite agaciro; ushyingirwa azi neza ko uwo
bashyingiranwa afite amasezerano yo
gushyingirwa ataraseswa; uwakira amasezerano yo gushyingirwa azi
neza ko ushyingirwa afite andi masezerano; aba akoze icyaha.","Umuntu uhamijwe n’urukiko gukora
kimwe mu bikorwa bivugwa mu gika cya
mbere cy’iyi ngingo, ahanishwa igihano
cy’igifungo kitari munsi y’umwaka umwe
(1) ariko kitarenze imyaka ibiri (2)
n’ihazabu y’amafaranga y’u Rwanda atari
munsi y’ibihumbi magana atatu (300.000
FRW) ariko atarenze ibihumbi magana
atanu (500.000 FRW).",,,,
" Gukora igikorwa
gishingiye ku gitsina ku nyamaswa  ",Ingingo ya 142(1),ibyaha bishingiye kugitsina  ,"Umuntu wese ukora igikorwa gishingiye ku gitsina ku nyamaswa, aba akoze icyaha.","Iyo abihamijwe n’urukiko, ahanishwa igifungo
kitari munsi y’amezi atandatu (6) ariko
kitarenze umwaka umwe (1).",,,,
gukora imibonano mpuzabitsina kunyamaswa bitewe n' undi muntu,Ingingo ya 142(2),ibyaha bishingiye kugitsina  ,"Umuntu wese, mu buryo ubwo ari bwo
bwose, utuma undi akora igikorwa
gishingiye ku gitsina ku nyamaswa, ","ahanishwa igihano cy’igifungo kitari munsi
y’imyaka irindwi (7) ariko kitarenze imyaka icumi (10) n’ihazabu y’amafaranga
y’u Rwanda atari munsi ya miliyoni eshatu
(3.000.000 FRW) ariko atarenze miliyoni
eshanu (5.000.000 FRW)",,,,
"Gukora ibiterasoni mu
ruhame ",Ingingo ya 143,"Ibyaha binyuranyije
n’imyifatire myiza ",Umuntu wese ukora ibiterasoni mu ruhame aba akoze icyaha. ,Iyo abihamijwe n’urukiko ahanishwa igihano cy’igifungo kitari munsi y’amezi atandatu (6) ariko kitarenze imyaka ibiri (2).,,,,
" Kwinjira aho umuntu
atuye mu buryo butemewe ",Ingingo ya 155 (1),"IBYAHA BIBANGAMIRA
IMIBEREHO BWITE Y’ABANTU","Uretse mu bihe biteganywa n’amategeko,
umuntu wese winjira mu rugo, mu nzu, mu
cyumba cyangwa mu icumbi rituwemo
n’undi muntu, atabyemerewe n’uhatuye aba
akoze icyaha.","Iyo abihamijwe n’urukiko,
ahanishwa igifungo kitari munsi y’amezi
abiri (2) ariko kitageze ku mezi atandatu (6)
n’ihazabu y’amafaranga y’u Rwanda atari
munsi y’ibihumbi magana atanu (500.000
FRW) ariko atarenze miliyoni imwe
(1.000.000 FRW).",,,,
" Kwinjira aho umuntu
atuye mu buryo butemewe (Kugahato)",Ingingo ya 155 (2),"IBYAHA BIBANGAMIRA
IMIBEREHO BWITE Y’ABANTU","Iyo kwinjira aho umuntu atuye byakoreshejwe ibikangisho, guca icyuho cyangwa gufunguza
imfunguzo zidakoreshejwe na nyirazo."," igihano kiba
igifungo kitari munsi y’imyaka itatu (3)
ariko kitarenze imyaka itanu (5) n’ihazabu
y’amafaranga y’u Rwanda arenze miliyoni
imwe (1.000.000 FRW) ariko atageze kuri
miliyoni ebyiri (2.000.000 FRW) cyangwa
kimwe gusa muri ibyo bihano. ",,,,
" Kumviriza ibiganiro,
gufata amashusho cyangwa kubitangaza ",Ingingo ya 156 (1),"IBYAHA BIBANGAMIRA
IMIBEREHO BWITE Y’ABANTU","Umuntu wese, ku bw’inabi, mu buryo ubwo
ari bwo bwose, wivanga mu mibereho
bwite y’undi akoresheje:
1º kumviriza cyangwa gutangaza amagambo
abantu bavugiye mu muhezo atabiherewe
uruhushya;
2º gufata ifoto, amajwi cyangwa amashusho
cyangwa kubitangaza nyirayo atabitangiye
uruhushy. aba akoze icyaha"," uwo iki cyaha gihamye ahanishwa igifungo
kitari munsi y’amezi atandatu (6) ariko
kitarenze umwaka umwe (1) n’ihazabu
y’amafaranga y’u Rwanda atari munsi ya
miliyoni imwe (1.000.000 FRW) ariko
atarenze miliyoni ebyiri (2.000.000 FRW)
cyangwa kimwe gusa muri ibyo bihano. ",,,,
" Gutangaza amagambo
cyangwa amashusho binyuranye n’uko
byafashwe ",Ingingo ya 157,"IBYAHA BIBANGAMIRA
IMIBEREHO BWITE Y’ABANTU","Umuntu wese utangaza, ku bw’inabi
hakoreshejwe uburyo ubwo ari bwo bwose,
amagambo yahinduwe agatangazwa uko
atavuzwe cyangwa amashusho n’amafoto
by’umuntu byagaragajwe uko bitafashwe,
ntagaragaze ko binyuranyije n' uko byafashwe, aba akoze icyaha. ","Iyo abihamijwe n’urukiko, ahanishwa
igifungo kitari munsi y’amezi atandatu (6)
ariko kitarenze umwaka umwe (1) n’ihazabu y’amafaranga y’u Rwanda atari munsi ya miliyoni imwe (1.000.000 FRW) ariko atarenze miliyoni ebyiri (2.000.000 FRW).",,,,
 Kumena ibanga ry’akazi ,Ingingo ya 158,"IBYAHA BIBANGAMIRA
IMIBEREHO BWITE Y’ABANTU","Umuntu wese umena ibanga kandi
ashinzwe kuribika, ku mpamvu z’akazi,
z’umwuga cyangwa z’idini, yaba akiri mu kazi cyangwa yarakavuyemo, aba akoze
icyaha. ","Iyo abihamijwe n’urukiko, ahanishwa
igifungo kitari munsi y’umwaka umwe (1)
ariko kitarenze imyaka ibiri (2) n’ihazabu
y’amafaranga y’u Rwanda atari munsi ya
miliyoni ebyiri (2.000.000 FRW) ariko
atarenze miliyoni eshatu (3.000.000 FRW).",,,,
" Ibyaha bikorerwa
ubutumwa mu nzira zitandukanye
z’itumanaho ",ingingo ya 159 ,"IBYAHA BIBANGAMIRA
IMIBEREHO BWITE Y’ABANTU","Umuntu wese ukoresha uburiganya, mu
buryo ubwo ari bwo bwose, mu gufungura,
kurigisa, gutinza, kuyobya amabaruwa
cyangwa izindi nyandiko byageze iyo bijya
cyangwa bitaragerayo aba akoze icyaha","cyangwa bitaragerayo aba akoze icyaha.
Iyo abihamijwe n’urukiko, ahanishwa
igifungo kitari munsi y’umwaka umwe (1)
ariko kitarenze imyaka ibiri (2) n’ihazabu
y’amafaranga y’u Rwanda atari munsi ya miliyoni imwe (1.000.000 FRW) ariko
atarenze miliyoni eshatu (3.000.000 FRW). ",,,,
" Gukusanya amakuru
yerekeye abantu muri za mudasobwa ",ingingo ya 160,"IBYAHA BIBANGAMIRA
IMIBEREHO BWITE Y’ABANTU","Umuntu wese ku bw’inabi ufata amajwi,
ukusanya amakuru yerekeye umuntu,
ushyingura cyangwa ukoresha ubundi
buryo bwo kubika muri za mudasobwa
n’ibindi byuma kabuhariwe amakuru
y’umuntu cyangwa ibiranga umuntu ku
buryo byagira ingaruka mbi ku cyubahiro
cyangwa ku mibereho ye bwite, aba akoze
icyaha.","Iyo abihamijwe n’urukiko, ahanishwa
igifungo kitari munsi y’amezi atandatu (6)
ariko kitarenze umwaka umwe (1) n’ihazabu y’amafaranga y’u Rwanda atari munsi ya miliyoni imwe (1.000.000 FRW) ariko atarenze miliyoni ebyiri (2.000.000 FRW). ",,,,
 Gutukana mu ruhame ,Ingingo ya 161,gusebanya ,"Umuntu wese utuka undi mu ruhame aba
akoze icyaha. gutukana bivugwa ni ikimenyetso, imigenzereze, ijambo cyangwa inyandiko bigambiriye gukomeretsa umuntu ku
bushake kandi ku buryo butaziguye.  "," Iyo abihamijwe n’urukiko,
ahanishwa igifungo kitari munsi y’iminsi
cumi n’itanu (15) ariko kitarenze amezi
abiri (2); ihazabu y’amafaranga y’u
Rwanda atari munsi y’ibihumbi ijana
(100.000 FRW) ariko atarenze ibihumbi
magana abiri (200.000 FRW); imirimo
y’inyungu rusange mu gihe kitarenze iminsi
cumi n’itanu  (15) cyangwa kimwe gusa
muri ibyo bihano. ",,,,
" Ikurikirana ry’ibyaha
bibangamira imibereho bwite y’abantu ",Ingingo ya 162,,"Ibyaha bivugwa muri uyu mutwe
ntibishobora gukurikiranwa bidasabwe
n’uwahemukiwe, umuhagarariye mu buryo bwemewe  cyangwa umufiteho uburenganzira n’amategeko  ",,,,,
	Kwiba,ingingo ya 166,Icyaha gikomeye,"Gutwara ikintu cy’undi atabiherewe uburenganzira, agamije kukigira icye cyangwa kugikoresha"," Iyo abihamijwe n’urukiko,
ahanishwa Igifungo cyitari mwaka 1 ariko kitarenze 2 imyaka; Ihazabu: 1,000,000–2,000,000 FRW; Imirimo y’inyungu rusange: amezi 6 cyangwa kimwe muri ibyo",,,,
	Kwiba hakoreshejwe intwaro,ingingo ya 169,Icyaha cy’ubugome,Kwiba witwaje intwaro ishobora kwica cyangwa gukomeretsa,"Igifungo: 10–15 imyaka; Ihazabu: 5,000,000–7,000,000 FRW",,,,
Kwiba nijoro,ingingo ya 167,Icyaha gikomeye,Kwiba hagati ya saa 6:00 z’umugoroba na saa 6:00 z’igitondo,"Igihano cyikuba kabiri: Igifungo: 2–4 imyaka; Ihazabu: 2,000,000–4,000,000 FRW",,,,
Kwiba hakoreshejwe kiboko cyangwa ibikangisho,ingingo ya 168,Icyaha cy’ubugome,Kwiba ukoresheje imbaraga cyangwa ibikangisho,"Igifungo: 5–7 imyaka; Ihazabu: 3,000,000–5,000,000 FRW",,,,
Kwiba ikinyabiziga kigamije kukijyana mu kindi gihugu,ingingo ya 169,Icyaha gikomeye,Kwiba ikinyabiziga gifite moteri agamije kukijyana mu kindi gihugu,"Igifungo: 5–7 imyaka; Ihazabu: 5,000,000–10,000,000 FRW",,,,
Kwihesha ikintu cy’undi hakoreshejwe uburiganya,ingingo ya 174,Icyaha gikomeye,Kwihesha umutungo w’undi mu buryo bw’uburiganya,"Igifungo: 2–3 imyaka; Ihazabu: 3,000,000–5,000,000 FRW",,,,
	Kwaka ikitari bwishyurwe,ingingo ya 175,Icyaha cyoroheje,Kwaka ikintu uzi neza ko utazishyura,"Igifungo: iminsi 15–amezi 2; Ihazabu: 100,000–200,000 FRW; Imirimo y’inyungu rusange: iminsi 15 cyangwa kimwe muri ibyo",,,,
	Kugumana ku bw’uburiganya ikintu cy’undi cyatoraguwe,ingingo ya 172,Icyaha gikomeye,"Kugumana cyangwa guha abandi ikintu cy’undi wabonye ku buryo bumugwiririye, ku bw’uburiganya","Igifungo: 6 amezi–2 imyaka; Ihazabu: 50,000–300,000 FRW",,,,
Kwigana cyangwa guhindura imfunguzo,ingingo ya 173,Icyaha gikomeye,Kwigana cyangwa guhindura imfunguzo mu buryo bw’uburiganya,"Igifungo: 6 amezi–1 mwaka; Ihazabu: 500,000–1,000,000 FRW",,,,
Kugurisha ikintu cy’undi cyangwa kugitangaho ingwate,ingingo ya 177,Icyaha gikomeye,Kugurisha cyangwa gutangaho ingwate ikintu uzi ko atari icyawe,"Igifungo: 1–2 imyaka; Ihazabu: 500,000–1,000,000 FRW",,,,
Kurigisa cyangwa kwangiza ibyatanzweho ingwate,ingingo ya 178,Icyaha gikomeye,Kurigisa cyangwa kwangiza ibitanzweho ingwate,"Igifungo: 1–2 imyaka; Ihazabu: 1,000,000–2,000,000 FRW",,,,
Ubuhemu,ingingo ya 176,Icyaha gikomeye,"Gukoresha nabi ikintu cyahawe cyangwa yakirindishijwe, akacyigarurira cyangwa akagitagaguza","Igifungo: 3–5 imyaka; Ihazabu: 500,000–1,000,000 FRW",,,,
Icyaha cya Jenoside,91,Icyaha cy’ubugome,Gukora kimwe mu bikorwa 5 bigamije kurimbura igice cyangwa abantu bose b'itsinda runaka,uhamwe niki cyaha ahanishwa Igifungo cya burundu kidashobora kugabanywa,,,,
Icyaha cyo Gucura umugambi wa Jenoside,93,Icyaha cy’ubugome,Gucura umugambi wo gukora Jenoside,Uhamwe niki cyaha ahanisha Igifungo cya burundu,,,,
Gutegura Jenoside,93,Icyaha cy’ubugome,Gushyira mu bikorwa imyiteguro ya Jenoside,Uhamwe niki cyaha ahanisha Igifungo cya burundu,,,,
Gushishikariza Jenoside,93,Icyaha cy’ubugome,Gushishikariza abantu gukora Jenoside ku buryo ubwo ari bwo bwose,uhamwe niki cyaha ahanishwa igifungo cya burundu.,,,,
Gugerageza Jenoside,93,Icyaha cy’ubugome,Kugerageza gukora Jenoside itaragerwaho,uhamwe niki cyaha ahanishwa igifungo cya burundu.,,,,
Ubufatanyacyaha muri Jenoside,93,Icyaha cy’ubugome,Kuba mu itsinda cyangwa gufasha mu bikorwa bya Jenoside,uhamwe niki cyaha ahanishwa igifungo cya burundu.,,,,
"Icyaha cyibasiye inyokomuntu: kwica, kurimbura, ubucakara, gukubita/torture, gusambanya ku gahato, kurigisa, ibikorwa birenze kamere muntu",94,Icyaha cy’ubugome,"Ibyaha bikorwa ku baturage batari abasirikare, bigaragaramo ubugome",uhamwe na kimwe muri ibi byaha ahanishwa igifungo cya burundu.,,,,
"Icyaha cyibasiye inyokomuntu: gutwara bunyago, gufunga binyuranyije n’amategeko, gutoteza cyangwa ivangura rishingiye ku ruhu",94,Icyaha gikomeye,"Ibyaha bikorerwa abaturage batari abasirikare, ariko bitarimo ubwicanyi cyangwa ihohotera rikabije",uhamwe nakimwe muri ibi byaha ahanishwa Igifungo kitarenze imyaka 25,,,,
Icyaha cyibasiye inyokomuntu bikozwe biherekejwe n’agashinyaguro,95,Icyaha cy’ubugome,Iyo ibikorwa bivugwa hejuru byakozwe bifite agashinyaguro,uhamwe niki cyaha ahanishwa igifungo cya burundu.,,,,
,,,,,,,,
Umutwe wa 1		IBYAHA BINYURANYIJE NO KUBIKA IBANGA, UBUNYANGAMUGAYO NO KUBONEKA KW’AMAKURU YA MUDASOBWA N’URUSOBE RWA MUDASOBWA,,,,,,,
Kugera ku makuru mu buryo butemewe	Ingingo ya 2	IBYAHA BINYURANYIJE NO KUBIKA IBANGA, UBUNYANGAMUGAYO NO KUBONEKA KW’AMAKURU YA MUDASOBWA N’URUSOBE RWA MUDASOBWA	Buri Gihugu kiri muri aya Masezerano gishyiraho ayo mategeko n’izindi ngamba zose zishobora kuba ngombwa kugira ngo bishyirwe mu byaha bihanwa n’amategeko mu mategeko y’imbere mu gihugu, iyo bikozwe bigambiriwe, kugera ku rusobe rwa mudasobwa, rwose cyangwa igice cyarwo, nta burenganzira. Igihugu kiri muri aya Masezerano gishobora gusaba ko icyaha cyakozwe binyuze mu kurenga ku ngamba z'umutekano, hagamijwe kubona amakuru ya mudasobwa cyangwa ikindi kintu cy'uburiganya, cyangwa ku birebana n’urusobe rwa mudasobwa ruhujwe n'urundi rusobe rwa mudasobwa.,
Igenzura ry’itumanaho ritemewe n’amategeko	Ingingo ya 3	IBYAHA BINYURANYIJE NO KUBIKA IBANGA," UBUNYANGAMUGAYO NO KUBONEKA KW’AMAKURU YA MUDASOBWA N’URUSOBE RWA MUDASOBWA	""Buri gihugu kiri muri aya Masezerano gishyiraho ingamba z’amategeko n’izindi ngamba zose zishobora kuba ngombwa kugira ngo bishyirwe mu byaha bihanwa n’amategeko mu mategeko y’imbere mu gihugu", iyo bikozwe bigambiriwe, kugenzura itumanaho nta burenganzira, bikozwe hakoreshejwe uburyo bwa tekiniki, kohereza amakuru ya mudasobwa mu buryo butagaragarira abantu bose ku rusobe rwa mudasobwa, ava ku rusobe rwa mudasobwa,,
cyangwa mu rusobe rwa mudasobwa , harimo,,,,,,,
ingufu za rukuruzi zituruka mu urusobe rwa,,,,,,,,
mudasobwa zitwara ayo makuru ya,,,,,,,,
mudasobwa. Igihugu kiri muri aya,,,,,,,,
Masezerano gishobora gusaba ko icyaha kiba,,,,,,,,
cyakozwe mu gihe hari uburiganya,,,,,,,,
bugambiriwe, cyangwa kijyanye n’urusobe,,,,,,,
rwa mudasobwa iba ihujwe n’urundi rusobe,,,,,,,,
rwa mudasobwa.,,,,,,,,
"""",,,,,,,,
Kuvogera amakuru	Ingingo ya 4	IBYAHA BINYURANYIJE NO KUBIKA IBANGA," UBUNYANGAMUGAYO NO KUBONEKA KW’AMAKURU YA MUDASOBWA N’URUSOBE RWA MUDASOBWA	""1. Buri gihugu kiri muri aya Masezerano gishyiraho amategeko n’izindi ngamba zikenewe kugira ngo bishyirwe mu byaha bihanwa n’amategeko y’imbere mu gihugu", iyo bikozwe bigambiriwe, kwangiza, gusiba, konona, guhindura cyangwa gusiba burundu amakuru abitse muri mudasobwa nta burenganzira. 2. Igihugu kiri muri aya Masezerano,,
gishobora kwigenera uburenganzira bwo,,,,,,,,
gusaba kuvuga ko imyitwarire ivugwa mu,,,,,,,,
"gika cya 1 itera ingaruka zikomeye.""",,,,,,,,
Kuvogera imikorere ya mudasobwa	Ingingo ya 5	IBYAHA BINYURANYIJE NO KUBIKA IBANGA, UBUNYANGAMUGAYO NO KUBONEKA KW’AMAKURU YA MUDASOBWA N’URUSOBE RWA MUDASOBWA	Buri gihugu kiri muri aya Masezerano gishyiraho ayo mategeko n’izindi ngamba zishobora gukenerwa kugira ngo bifatwe nk’ibyaha bihanwa n’amategeko y’imbere mu gihugu, iyo bikozwe bigambiriwe, kubangamira bikomeye nta burenganzira imikorere y’urusobe rwa mudasobwa mu kwinjiza, kohereza, kwangiza, gusiba, konona, guhindura cyangwa gusiba burundu amakuru abitse muri mudasobwa.
 Gukoresha nabi ibikoresho	Ingingo ya 6	IBYAHA BINYURANYIJE NO KUBIKA IBANGA," UBUNYANGAMUGAYO NO KUBONEKA KW’AMAKURU YA MUDASOBWA N’URUSOBE RWA MUDASOBWA	""1. Buri gihugu kiri muri aya Masezerano gishyiraho amategeko n’izindi ngamba zishobora kuba ngombwa kugira ngo bishyirwe mu byaha bihanwa n’amategeko y’imbere mu gihugu", iyo bikozwe bigambiriwe kandi nta burenganzira: a. gukora, kugurisha, gutanga amasoko yo,,,,
gukoresha, gutumiza mu mahanga,,,,,,,
gukwirakwiza cyangwa ubundi buryo bwo,,,,,,,,
kubona: i. igikoresho, harimo porogaramu ya,,,,,,,
mudasobwa, cyagenewe cyangwa,,,,,,,
cyateguriwe mbere na mbere hagamijwe,,,,,,,,
gukora icyaha icyo ari cyo cyose,,,,,,,,
cyashyizweho hakurikijwe ingingo ya 2,,,,,,,,
kugeza ku ya 5; ii. ijambo ry’ibanga rya mudasobwa, imibare,,,,,,,
yo kwinjira, cyangwa amakuru asa na yo,,,,,,,
ashobora gukoreshwa mu kwinjira muri,,,,,,,,
sisitemu ya mudasobwa yose cyangwa igice,,,,,,,,
cyayo, hagamijwe ko akoreshwa mu rwego,,,,,,,
rwo gukora kimwe mu byaha bivugwa mu,,,,,,,,
ngingo ya 2 kugeza ku ya 5; no b. gutunga ikintu kivugwa mu bika a.i,,,,,,,,
cyangwa ii biri haruguru, hagamijwe ko,,,,,,,
cyakoreshwa mu gukora kimwe mu byaha,,,,,,,,
bivugwa mu ngingo ya 2 kugeza ku ya 5.,,,,,,,,
Igihugu kiri muri aya Masezerano gishobora,,,,,,,,
gusaba gikoresheje amategeko ko ibintu,,,,,,,,
bimwe mu bigize icyaha biba bihari mbere,,,,,,,,
y’uko habaho uburyozwacyaha 2. Iyi ngingo ntigomba gusobanurwa nk’,,,,,,,,
ishyiraho uburyozwe bw’icyaha mu gihe,,,,,,,,
gukora, kugurisha, gutanga amasoko kugira,,,,,,
ngo gukoresha, kwinjiza, gukwirakwiza,,,,,,
cyangwa ubundi buryo bwo gutanga cyangwa kugaragaza nk'uko bivugwa mu gika cya 1,,,,,,,,
cy'iyi ngingo bidakozwe hagamijwe gukora,,,,,,,,
icyaha giteganyijwe hakurikijwe ingingo ya 2,,,,,,,,
kugeza ku ya 5 y'aya Masezerano,,,,,,,,
mpuzamahanga, nko mu igerageza ryemewe,,,,,,,
cyangwa kurinda urusobe rwa mudasobwa.,,,,,,,,
 3. Buri gihugu kiri muri aya Masezerano,,,,,,,,
gishobora kwigenera uburenganzira bwo,,,,,,,,
kudakurikiza ibiteganywa n’igika cya 1,,,,,,,,
cy’iyi ngingo, mu gihe uko kwifata kutareba,,,,,,,
ibyo kugurisha, gukwirakwiza cyangwa,,,,,,,
ubundi buryo bwo kubona ibintu bivugwa mu,,,,,,,,
gika cya 1 a.ii cy’iyi ngingo.,,,,,,,,
"""",,,,,,,,
		IBYAHA BINYURANYIJE NO KUBIKA IBANGA, UBUNYANGAMUGAYO NO KUBONEKA KW’AMAKURU YA MUDASOBWA N’URUSOBE RWA MUDASOBWA,,,,,,,
ITEGEKO RITEGANYA IBYAHA N’IBIHANO MURI RUSANGE,Ingingo ya mbere: Itangwa ry’igihano cy’imirimo y’inyungu rusange,,ITEGEKO Nº 059/2023 RYO KU WA 04/12/2023 RIHINDURA ITEGEKO Nº 68/2018 RYO KU WA 30/08/2018 RITEGANYA IBYAHA N’IBIHANO MURI RUSANGE,"Ingingo ya 35 y’Itegeko nº 68/2018 ryo ku wa 30/08/2018 riteganya ibyaha n’ibihano muri rusange, ihinduwe ku buryo bukurikira: (1) « Iyo igihano cy’imirimo y’inyungu rusange gitanzwe nk’igihano cy’iremezo, urukiko rugena igihe ntarengwa kizamara. Icyo gihe ntigishobora kurenga amezi 6. (2) Igihano cy’imirimo y’inyungu rusange gishobora gutangwa gisimbura ikindi gihano cy’iremezo. Muri icyo gihe, gitangwa ku buryo bukurikira: (a) iyo icyaha gihanishwa igifungo kirenze amezi 6 ariko kitarenze imyaka 5, urukiko rushobora gutegeka uwagikatiwe kurangiza igice cy’igihano akora igihano cy’imirimo y’inyungu rusange mu gihe kitarenze
imyaka 2;

(b) iyo icyaha gihanishwa
igifungo kitageza ku mezi 6,
urukiko rushobora
kumutegeka gukora igihano
cy’imirimo y’inyungu
rusange mu gihe kidashobora
kurenga igihe ntarengwa cyo
hejuru cy’igifungo
giteganywa n’itegeko kuri
icyo cyaha.

(3) Iyo uwahamwe n’icyaha adakoze
neza ku bushake igihano cy’imirimo
y’inyungu rusange, arangiriza mu
igororero igihano gisigaye
yakatiwe.»",,,,
ITEGEKO RITEGANYA IBYAHA N’IBIHANO MURI RUSANGE,Ingingo ya 2: Igabanya ry’igihano mu gihe hari impamvu nyoroshyacyaha zemezwa n’umucamanza,,ITEGEKO Nº 059/2023 RYO KU WA 04/12/2023 RIHINDURA ITEGEKO Nº 68/2018 RYO KU WA 30/08/2019 RITEGANYA IBYAHA N’IBIHANO MURI RUSANGE,"Ingingo ya 60 y’Itegeko nº 68/2018 ryo ku wa 30/08/2018 riteganya ibyaha n’ibihano muri rusange, ihinduwe ku buryo bukurikira: « Iyo umucamanza yemeje impamvu nyoroshyacyaha, ashobora kugabanya igihano ku buryo bukurikira: (a) igifungo cya burundu gishobora
kugabanywa ariko ntikijye munsi
y’igihano cy’igifungo cy’imyaka 15;

(b) igifungo kimara igihe kizwi kiva ku
mezi 6 kuzamura gishobora
kugabanywa, ariko ntikijye munsi ya
kimwe cya kabiri cy’igihano gito
giteganyirijwe icyaha cyakozwe;

(c) igihano cy’igifungo kiri munsi
y’amezi 6 gishobora gusubikwa;


(d) igihano cy’ihazabu gishobora
kugabanywa kugeza kuri kimwe cya
kane cy’igihano cy’ihazabu gito
giteganyirijwe icyaha cyakozwe;

(e) igihano cy’imirimo y’inyungu
rusange gishobora gusubikwa. » ",,,,
ITEGEKO RITEGANYA IBYAHA N’IBIHANO MURI RUSANGE,Ingingo ya 3: Igihe habaho isubikagihano,,ITEGEKO Nº 059/2023 RYO KU WA 04/12/2023 RIHINDURA ITEGEKO Nº 68/2018 RYO KU WA 30/08/2020 RITEGANYA IBYAHA N’IBIHANO MURI RUSANGE,"Ingingo ya 64 y’Itegeko nº 68/2018 ryo ku wa 30/08/2018 riteganya ibyaha n’ibihano muri rusange ihinduwe ku buryo bukurikira: (1) « Iyo uwakatiwe nta kindi gihano cy’igifungo kirenga amezi 6 yahanishijwe mbere, urukiko, rukoresheje icyemezo gisobanura
impamvu, rushobora gutegeka
gusubika irangiza ry’igihano cyose
cyangwa igice cy’igihano cy’iremezo
cyangwa cy’ingereka, iyo igihano
cy’iremezo cy’igifungo umuntu
yakatiwe kitarenze imyaka 5.

(2) Icyemezo cy’urukiko gitegeka
isubika     ry‘igihano –

(a) kigaragaza impamvu
zashingiweho;

(b) kigaragaza igihe isubikagihano
ry’igihano cy’igifungo cyangwa
isubika ry’igihano cy’imirimo
y’inyungu rusange ritangirira
n’igihe rirangirira;


(c) gishobora gutegeka isubika
ry’igihano cy’igifungo cyose
cyangwa igice cyacyo,
iry’ihazabu yose cyangwa igice
cyayo;

(d) gishobora gutegeka isubika
ry’igihano cy’iremezo cyangwa
iry’igihano cy’ingereka.

(3) Icyemezo cy’urukiko gisubika igihano gifatwa mu rubanza rumwe
n’urw’icyaha cyakozwe
ruburanishwa.»  ",,,,
ITEGEKO RITEGANYA IBYAHA N’IBIHANO MURI RUSANGE,Ingingo ya 4: Ihanwa ry’umufatanyacyaha n’iry’icyitso,,ITEGEKO Nº 059/2023 RYO KU WA 04/12/2023 RIHINDURA ITEGEKO Nº 68/2018 RYO KU WA 30/08/2021 RITEGANYA IBYAHA N’IBIHANO MURI RUSANGE,"Ingingo ya 84 y’Itegeko nº 68/2018 ryo ku wa 30/08/2018 riteganya ibyaha n’ibihano muri rusange, ihinduwe ku buryo bukurikira: (1) « Umufatanyacyaha cyangwa icyitso ahanwa hakurikijwe ibihano itegeko riteganyiriza uwakoze icyaha. (2) Umufatanyacyaha cyangwa icyitso arakurikiranwa n’ubwo icyaha cyaba kitashoboye gukurikiranwa ku wagikoze kubera impamvu zimureba ku giti cye nk’urupfu, uburwayi bwo mu mutwe cyangwa kutamenyekana. Icyakora, iyo umuntu uvugwa mu gace ka 5 d), aka 5 e) n’aka 5 f) tw’ingingo ya 2 y’iri tegeko ari uwashyingiranywe n’uwakoze icyaha cyangwa uwo bafitanye isano kugera ku rwego rwa kabiri, ntakurikiranwa ku byaha byoroheje n’ibyaha bikomeye. »",,,,
ITEGEKO RITEGANYA IBYAHA N’IBIHANO MURI RUSANGE,Ingingo ya 5: Ihanwa ry’icyaha cya jenoside,,ITEGEKO Nº 059/2023 RYO KU WA 04/12/2023 RIHINDURA ITEGEKO Nº 68/2018 RYO KU WA 30/08/2022 RITEGANYA IBYAHA N’IBIHANO MURI RUSANGE,Ingingo ya 92 y’Itegeko nº 68/2018 ryo ku wa 30/08/2018 riteganya ibyaha n’ibihano muri rusange ihinduwe ku buryo bukurikira: « Umuntu ukoze kimwe mu bikorwa bivugwa mu ngingo ya 91 y’iri tegeko aba akoze icyaha. Iyo abihamijwe n’urukiko ahanishwa igihano cy’igifungo cya burundu.»,,,,
ITEGEKO RITEGANYA IBYAHA N’IBIHANO MURI RUSANGE,Ingingo ya 6: Ibindi bikorwa byitwa nk’ibyaha by’intambara,,ITEGEKO Nº 059/2023 RYO KU WA 04/12/2023 RIHINDURA ITEGEKO Nº 68/2018 RYO KU WA 30/08/2023 RITEGANYA IBYAHA N’IBIHANO MURI RUSANGE,"Ingingo ya 99 y’Itegeko nº 68/2018 ryo ku wa 30/08/2018 riteganya ibyaha n’ibihano muri rusange ihinduwe ku buryo bukurikira: « Igikorwa kiri muri ibi bikurikira gikozwe mu mirwano ikoreshejwe intwaro cyitwa icyaha cy’intambara: (a) gukoresha intwaro z’ubumara cyangwa izindi ntwaro zibabaza abantu atari ngombwa; (b) kugaba ibitero ku bakozi n’inyubako by’ubuvuzi kimwe no gusenya cyangwa kwangiza ibikoresho by’ubwikorezi n’indege byo mu buvuzi; (c) gukoresha imyuka ibuza guhumeka,
ihumanya cyangwa indi bikora
kimwe   cyangwa uburyo bwo
kurwana bukwirakwiza indwara;

(d) gukora, guhunika, kwakira cyangwa
gutwara ibikomoka ku dukoko
dukwirakwiza indwara cyangwa
ubumara, aho byaba bikomoka aho
ari ho hose cyangwa uburyo ubwo ari
bwo bwose byaba bikozwemo,
hagambiriwe kubikoresha mu
kurwanya umwanzi mu mirwano
ikoreshejwe intwaro;

(e) gutesha umuntu icyubahiro,
by’umwihariko kumusambanya ku
gahato, kwangiza imyanya
ndangagitsina, gushora umuntu mu
buraya ku gahato n’ubundi buryo
bwose bw’icyaha cy’urukozasoni;

(f) gushyira abantu mu bucakara no
kubacuruza nk’abacakara, no gukora
ibikorwa bijyana na byo cyangwa
kubakoresha  imirimo y’uburetwa
y’uburyo ubwo ari bwo bwose;

(g) gushyira abantu b’abasiviri imbere ku
rugamba bigatuma baba agakingirizo
k’amasasu;  (h) kwicisha abaturage inzara no
kubabuza ko imfashanyo zagenewe
kubagoboka zibageraho;

(i) gutandukanya ubigambiriye abana
n’ababyeyi babo cyangwa n’abandi
bashinzwe umutekano n’imibereho
myiza byabo;

(j) gushyira igitugu ku basiviri barimo
n’abana kugira ngo bajye mu
mirwano cyangwa bakore imirimo
ijyanye n’inshingano za gisirikare;

(k) kutavura inkomere, abarwayi,
abarohamye n’abandi bantu
babujijwe uburenganzira bwabo ku
mpamvu zifitanye isano n’imirwano
ikoreshejwe intwaro;

(l) gufata nabi imfungwa cyangwa
abantu bahurijwe ahantu hamwe;

(m)  gusahura cyangwa gusenya ibintu
bya Leta cyangwa iby’abantu ku giti
cyabo;

(n) guhana abantu ikivunge udakurikije
ibyaha bya buri muntu;

(o) gukora ibikorwa bya kiboko bigamije
gutera ubwoba abaturage cyangwa
bamwe muri bo. » ",,,,
ITEGEKO RITEGANYA IBYAHA N’IBIHANO MURI RUSANGE,Ingingo ya 7: Ibihano ku bindi bikorwa byitwa ibyaha by’intambara,,ITEGEKO Nº 059/2023 RYO KU WA 04/12/2023 RIHINDURA ITEGEKO Nº 68/2018 RYO KU WA 30/08/2024 RITEGANYA IBYAHA N’IBIHANO MURI RUSANGE,"Ingingo ya 100 y’Itegeko nº 68/2018 ryo ku wa 30/08/2018 riteganya ibyaha n’ibihano muri rusange ihinduwe ku buryo bukurikira: « Umuntu uhamijwe n’urukiko gukora kimwe mu byaha biteganywa mu ngingo ya 99 y’iri tegeko, ahanishwa – (a) igifungo cya burundu iyo akoze kimwe mu bikorwa biteganyijwe mu duka twa (a), (b), (c), (d), (e), (f), (g), (h) na (i); (b) igifungo kitari munsi y’imyaka 10 ariko kitarenze imyaka 15 iyo yakoze kimwe mu byaha biteganyijwe mu duka twa (j), (k) na ( l); (c) n‘igihano cy’igifungo kitari munsi y’imyaka 5 ariko kitarenze imyaka 10 iyo yakoze kimwe mu byaha biteganyijwe mu duka twa (m), (n) na (o) . »",,,,
ITEGEKO RITEGANYA IBYAHA N’IBIHANO MURI RUSANGE,Ingingo ya 8: Kwihekura ,,ITEGEKO Nº 059/2023 RYO KU WA 04/12/2023 RIHINDURA ITEGEKO Nº 68/2018 RYO KU WA 30/08/2025 RITEGANYA IBYAHA N’IBIHANO MURI RUSANGE,"
Ingingo ya 108 y’Itegeko nº 68/2018 ryo ku
wa 30/08/2018 riteganya ibyaha n’ibihano muri rusange  ihinduwe ku buryo bukurikira: « Ingingo ya 108: Kwihekura

Umuntu wishe umwana yabyaye utarengeje
amezi 12 aba akoze icyaha cyo kwihekura.
Iyo abihamijwe n’urukiko, ahanishwa
igifungo cya burundu. Icyakora, iyo umugore
wahamwe n’icyaha cyo kwihekura yabitewe
n’ihungabana yagize nyuma yo kubyara
cyangwa igihe yonsa byemejwe n’umuganga
cyangwa umuhanga mu by’imitekerereze
wemewe na Leta, ahanishwa igifungo kitari
munsi y’amezi 6 ariko kitarenze imyaka 2 . »  ",,,,
ITEGEKO RITEGANYA IBYAHA N’IBIHANO MURI RUSANGE,Ingingo ya 9: Kwanduza undi indwara,,ITEGEKO Nº 059/2023 RYO KU WA 04/12/2023 RIHINDURA ITEGEKO Nº 68/2018 RYO KU WA 30/08/2026 RITEGANYA IBYAHA N’IBIHANO MURI RUSANGE,"Ingingo ya 117 y’Itegeko nº 68/2018 ryo ku wa 30/08/2018 riteganya ibyaha n’ibihano muri rusange ihinduwe ku buryo bukurikira: « Umuntu wanduza undi muntu indwara abishaka aba akoze icyaha. Iyo abihamijwe n’urukiko, ahanishwa igifungo kitari munsi y’imyaka 2 ariko kitarenze imyaka 3 n’ihazabu itari munsi ya 300.000 FRW ariko itarenze 500.000 FRW. Iyo indwara yamwanduje ari indwara idakira cyangwa imuteye ubumuga buhoraho, igihano kiba igifungo kitari munsi y’imyaka 20 ariko
kitarenze imyaka 25 n’ihazabu itari munsi ya
500.000 FRW ariko itarenze 1.000.000
FRW.» ",,,,
ITEGEKO RITEGANYA IBYAHA N’IBIHANO MURI RUSANGE,Ingingo ya 10: Gukubita cyangwa gukomeretsa umuntu bidaturutse ku bushake,,ITEGEKO Nº 059/2023 RYO KU WA 04/12/2023 RIHINDURA ITEGEKO Nº 68/2018 RYO KU WA 30/08/2027 RITEGANYA IBYAHA N’IBIHANO MURI RUSANGE,"Ingingo ya 120 y’Itegeko nº 68/2018 ryo ku wa 30/08/2018 riteganya ibyaha n’ibihano muri rusange ihinduwe ku buryo bukurikira: (1) « Umuntu ukubita cyangwa ukomeretsa undi biturutse ku buryo buke, ubwitonzi buke, uburangare, umwete muke, ubuteshuke n’ubuteganye buke, aba akoze icyaha. Iyo abihamijwe n’urukiko, ahanishwa igifungo kitari munsi y’iminsi 8 ariko kitarenze amezi 2 n’ihazabu itari munsi ya 100.000 FRW ariko itarenze 200.000 FRW cyangwa kimwe muri ibyo bihano. (2) Iyo uwakoze icyaha yakomerekeje abantu benshi, ahanishwa igifungo kitari munsi y’amezi 2 ariko kitarenze amezi 3 n’ihazabu itari munsi ya 500.000 FRW ariko itarenze 1.000.000 FRW cyangwa kimwe muri ibyo bihano.» ",,,,
ITEGEKO RITEGANYA IBYAHA N’IBIHANO MURI RUSANGE,Ingingo ya 11: Gukubita cyangwa gukomeretsa ku bushake,,ITEGEKO Nº 059/2023 RYO KU WA 04/12/2023 RIHINDURA ITEGEKO Nº 68/2018 RYO KU WA 30/08/2028 RITEGANYA IBYAHA N’IBIHANO MURI RUSANGE,"Ingingo ya 121 y’Itegeko nº 68/2018 ryo ku wa 30/08/2018 riteganya ibyaha n’ibihano muri rusange ihinduwe ku buryo bukurikira: (1) « Umuntu, abishaka, ukomeretsa undi, umukubita cyangwa umusagarira ku buryo bwa kiboko bubabaje aba akoze icyaha. Iyo abihamijwe n’urukiko, ahanishwa igifungo kitari munsi y’amezi 6 ariko kitarenze umwaka 1 n’ihazabu itari munsi ya 100.000 FRW ariko itarenze 300.000 FRW. (2) Iyo icyaha kivugwa muri iyi ngingo cyakorewe umwana, umubyeyi, uwo bashyingiranywe cyangwa umuntu udashoboye kwitabara kubera imiterere ye ku mubiri cyangwa mu bwenge, uwakoze icyaha ahanishwa igifungo kitari munsi y’umwaka 1 ariko kitarenze imyaka 3 n’ihazabu itari munsi ya 300.000 FRW ariko itarenze 500.000 FRW. (3) Iyo gukubita cyangwa gukomeretsa
byateye uwakorewe icyaha indwara
cyangwa kudashobora kugira icyo
yikorera ku buryo budahoraho,
igihano kiba igifungo kitari munsi
y’imyaka 3 ariko kitarenze imyaka 5
n’ihazabu itari munsi ya 500.000
FRW ariko itarenze 1.000.000 FRW.

(4) Iyo gukubita cyangwa gukomeretsa
byateye uwakorewe icyaha indwara
idakira, ubumuga buhoraho butuma
ntacyo yikorera, kubuza burundu
urugingo rw’umubiri gukora no
gutakaza igice cy’umubiri, igihano
kiba igifungo kitari munsi y’imyaka 5
ariko kitarenze imyaka 10 n’ihazabu
itari munsi ya 1.000.000 FRW ariko
itarenze 2.000.000 FRW.

(5) Iyo gukubita cyangwa gukomeretsa
byagambiriwe, byategewe igico,
uwakoze icyaha ahanishwa igifungo
kitari munsi y’imyaka 5 ariko
kitarenze imyaka 10 n’ihazabu itari
munsi ya 2.000.000 FRW ariko
itarenze 3.000.000 FRW.

(6) Iyo gukubita cyangwa gukomeretsa
byateye urupfu, igihano kiba igifungo
kitari munsi y’imyaka 10 ariko
kitarenze imyaka 20 n’ihazabu itari munsi ya 3.000.000 FRW ariko
itarenze 5.000.000 FRW.” ",,,,
ITEGEKO RITEGANYA IBYAHA N’IBIHANO MURI RUSANGE,Ingingo ya 12: Kwikuriramo inda cyangwa kwemera gukurirwamo inda,,ITEGEKO Nº 059/2023 RYO KU WA 04/12/2023 RIHINDURA ITEGEKO Nº 68/2018 RYO KU WA 30/08/2029 RITEGANYA IBYAHA N’IBIHANO MURI RUSANGE,"Ingingo ya 123 y’Itegeko nº 68/2018 ryo ku wa 30/08/2018 riteganya ibyaha n’ibihano muri rusange ihinduwe ku buryo bukurikira: « Ingingo ya 123: Kwikuriramo inda
cyangwa kwemera gukurirwamo inda

Umuntu wikuriyemo inda cyangwa, mu
buryo bunyuranyije n’iri tegeko, wemera
gukurirwamo inda, aba akoze icyaha. Iyo
abihamijwe n’urukiko, ahanishwa igifungo
kitari munsi y’umwaka 1 ariko kitarenze
imyaka 3 n’ihazabu itari munsi ya 100.000
FRW ariko itarenze  200.000 FRW. » ",,,,
ITEGEKO RITEGANYA IBYAHA N’IBIHANO MURI RUSANGE,"Ingingo ya 13: Gukora, gucuruza, gukwirakwiza cyangwa kwinjiza mu Gihugu ibintu bitujuje ubuziranenge cyangwa byakwangiza ubuzima",,ITEGEKO Nº 059/2023 RYO KU WA 04/12/2023 RIHINDURA ITEGEKO Nº 68/2018 RYO KU WA 30/08/2030 RITEGANYA IBYAHA N’IBIHANO MURI RUSANGE,"Itegeko nº 68/2018 ryo ku wa 30/08/2018 riteganya ibyaha n’ibihano muri rusange ryongewemo ingingo ya 132 bis iteye ku buryo bukurikira: « Ingingo ya 132 bis: Gukora, gucuruza,
gukwirakwiza cyangwa kwinjiza mu
Gihugu ibintu bitujuje ubuziranenge
cyangwa byangiza ubuzima bw’umuntu

Umuntu ukora, ucuruza, ukwirakwiza
cyangwa winjiza mu Gihugu ibiribwa,
ibinyobwa, imiti cyangwa ibindi bintu
bitujuje ubuziranenge cyangwa bishobora
kwangiza ubuzima bw’umuntu, aba akoze
icyaha. Iyo abihamijwe n’urukiko,
ahanishwa igifungo kitari munsi y’imyaka 3
ariko kitarenze imyaka 5 n’ihazabu itari
munsi ya 1.000.000 FRW ariko itarenze
3.000.000 FRW cyangwa kimwe gusa muri
ibyo bihano. »",,,,
ITEGEKO RITEGANYA IBYAHA N’IBIHANO MURI RUSANGE,Ingingo ya 14: Gusambanya umwana,,ITEGEKO Nº 059/2023 RYO KU WA 04/12/2023 RIHINDURA ITEGEKO Nº 68/2018 RYO KU WA 30/08/2031 RITEGANYA IBYAHA N’IBIHANO MURI RUSANGE,"Ingingo ya 133 y’Itegeko nº 68/2018 ryo ku wa 30/08/2018 riteganya ibyaha n’ibihano muri rusange ihinduwe ku buryo bukurikira: (1) « Umuntu ukorera ku mwana kimwe mu bikorwa bishingiye ku gitsina bikurikira, aba akoze icyaha: (a) gushyira igitsina cy’umuntu mu gitsina, mu kibuno cyangwa mu kanwa by’umwana; (b) gushyira urugingo urwo ari rwo rwose rw’umubiri w’umuntu mu
gitsina cyangwa mu kibuno
cy’umwana;

(c) gukora ikindi gikorwa cyose ku
mubiri w’umwana hagamijwe
ishimishamubiri.

(2) Umuntu uhamijwe n’urukiko gukora
kimwe mu bikorwa bivugwa mu gika
cya (1) cy’iyi ngingo ahanishwa
igifungo kitari munsi y’imyaka 20
ariko kitarenze imyaka 25.


(3) Iyo gusambanya umwana byakorewe
ku mwana uri munsi y’imyaka 14
igihano kiba igifungo cya burundu.


(4) Iyo gusambanya umwana byakorewe
ku mwana ufite cyangwa urengeje
imyaka 14 byamuteye indwara
idakira cyangwa ubumuga, igihano
kiba igifungo cya burundu.

(5) Iyo umuntu mukuru asambanyije
umwana bigakurikirwa no kumugira
umugabo cyangwa umugore, igihano
kiba igifungo cya burundu. (6) Iyo umwana ufite imyaka 14 ariko
atarageza ku myaka 18 asambanyije
umwana ufite imyaka 14 ariko
utarageza ku myaka 18 akoresheje
kiboko, ibikangisho, uburiganya
cyangwa abikoze ku bw’intege nke
z’uwakorewe icyaha, cyangwa
yamuhaye ibintu bimuca intege,
ahanwa hakurikijwe ibiteganywa mu
ngingo ya 54 y’iri tegeko.


(7) Icyaha cyo gusambanya umwana
ntigisaza. » ",,,,
ITEGEKO RITEGANYA IBYAHA N’IBIHANO MURI RUSANGE,Ingingo ya 15: Kurega undi mu nzego z’ubutabera umubeshyera,,ITEGEKO Nº 059/2023 RYO KU WA 04/12/2023 RIHINDURA ITEGEKO Nº 68/2018 RYO KU WA 30/08/2032 RITEGANYA IBYAHA N’IBIHANO MURI RUSANGE,"
Ingingo ya 152 y’Itegeko nº 68/2018 ryo ku
wa 30/08/2018 riteganya ibyaha n’ibihano
muri rusange ihinduwe ku buryo bukurikira:

« Umuntu urega undi mu nzego z’ubutabera
azi neza ko amubeshyera, aba akoze icyaha.
Iyo abihamijwe n’urukiko, ahanishwa
igifungo kitari munsi y’umwaka 1 ariko
kitarenze imyaka 3 n’ihazabu itari munsi ya
500.000 FRW ariko itarenze 1.000.000 FRW.
Iyo kurega undi umubeshyera byakozwe mu
rubanza rw’inshinjabyaha uregwa
yakatiwemo igifungo kirenga imyaka 5, umuntu wamureze azi neza ko amubeshyera
ahanishwa igifungo kitari munsi y’imyaka 3
ariko kitarenze imyaka 5 n’ihazabu itari
munsi ya 1.000.000 FRW ariko itarenze
2.000.000 FRW. » ",,,,
ITEGEKO RITEGANYA IBYAHA N’IBIHANO MURI RUSANGE,Ingingo ya 16: Kugumana ku bw’uburiganya ikintu cy’undi cyatowe,,ITEGEKO Nº 059/2023 RYO KU WA 04/12/2023 RIHINDURA ITEGEKO Nº 68/2018 RYO KU WA 30/08/2033 RITEGANYA IBYAHA N’IBIHANO MURI RUSANGE,"Ingingo ya 172 y’Itegeko nº 68/2018 ryo ku wa 30/08/2018 riteganya ibyaha n’ibihano muri rusange ihinduwe ku buryo bukurikira: « Ingingo ya 172: Kugumana ku bw’uburiganya ikintu cy’undi cyatowe (1) Umuntu utora ikintu cy’undi cyimukanwa cyangwa wakibonye ku buryo bumugwiririye, akakigumana ku bw’uburiganya cyangwa akagiha abatari bene cyo ku bw’uburiganya, aba akoze icyaha. Iyo abihamijwe n’urukiko, ahanishwa igifungo kitari munsi y’amezi 6 ariko kitarenze imyaka 2 n’ihazabu itari munsi ya 50.000 FRW ariko itarenze 300.000 FRW cyangwa kimwe gusa muri ibyo bihano. (2) Mu gihe ukurikiranyweho icyaha
asubije ikintu yatoye cyangwa
yabonye, ikurikirana ry’icyaha rihita
rihagarara aho urubanza rwaba
rugeze hose. »",,,,
ITEGEKO RITEGANYA IBYAHA N’IBIHANO MURI RUSANGE,"Ingingo ya 17: Kugurisha ikintu cy’undi, kugitangaho ingwate cyangwa kugurisha ikintu cyawe watanzeho ingwate",,ITEGEKO Nº 059/2023 RYO KU WA 04/12/2023 RIHINDURA ITEGEKO Nº 68/2018 RYO KU WA 30/08/2034 RITEGANYA IBYAHA N’IBIHANO MURI RUSANGE,"Ingingo ya 177 y’Itegeko nº 68/2018 ryo ku wa 30/08/2018 riteganya ibyaha n’ibihano muri rusange ihinduwe ku buryo bukurikira: « Ingingo ya 177: Kugurisha ikintu cy’undi, kugitangaho ingwate cyangwa kugurisha ikintu cyawe watanzeho ingwate Umuntu ugurisha, utanga ingwate ku kintu cyimukanwa cyangwa kitimukanwa azi ko atari icye cyangwa ugurisha ikintu cye azi ko yagitanzeho ingwate akabikora atabyemeranyijweho n’uwahawe ingwate n’ugiye kukigura mu nyandiko yashyizweho umukono na noteri, aba akoze icyaha. Iyo abihamijwe n’urukiko, ahanishwa igifungo kitari munsi y’umwaka 1 ariko kitarenze imyaka 2 n’ihazabu itari munsi ya 500.000 FRW ariko itarenze 1.000.000 FRW. »",,,,
ITEGEKO RITEGANYA IBYAHA N’IBIHANO MURI RUSANGE,Ingingo ya 18: Gusebya cyangwa gutuka umwe mu bavugwa mu ngingo ya 217,,ITEGEKO Nº 059/2023 RYO KU WA 04/12/2023 RIHINDURA ITEGEKO Nº 68/2018 RYO KU WA 30/08/2035 RITEGANYA IBYAHA N’IBIHANO MURI RUSANGE,Ingingo ya 218 y’Itegeko nº 68/2018 ryo ku wa 30/08/2018 riteganya ibyaha n’ibihano muri rusange ivanyweho.,,,,
ITEGEKO RITEGANYA IBYAHA N’IBIHANO MURI RUSANGE,Ingingo ya 19: Kunaniza cyangwa kuburizamo ishyirwa mu bikorwa ry‘inyandikompesha yabaye ndakuka,,ITEGEKO Nº 059/2023 RYO KU WA 04/12/2023 RIHINDURA ITEGEKO Nº 68/2018 RYO KU WA 30/08/2036 RITEGANYA IBYAHA N’IBIHANO MURI RUSANGE,"Itegeko nº 68/2018 ryo ku wa 30/08/2018 riteganya ibyaha n’ibihano muri rusange ryongewemo ingingo ya 262 bis iteye ku buryo bukurikira: « Ingingo ya 262 bis: Kunaniza cyangwa kuburizamo ishyirwa mu bikorwa ry‘inyandikompesha yabaye ndakuka Umuntu wikuraho umutungo cyangwa ukora ikindi gikorwa agamije kunaniza cyangwa kuburizamo ishyirwa mu bikorwa ry’inyandikompesha yabaye ndakuka, aba akoze icyaha. Iyo abihamijwe n’urukiko, ahanishwa igifungo kitari munsi y’amezi 6 ariko kitarenze imyaka 2.",,,,
ITEGEKO RITEGANYA IBYAHA N’IBIHANO MURI RUSANGE,"Ingingo ya 20: Guhimba impapuro zivunjwamo amafaranga, gukoresha cyangwa gukwirakwiza inyandiko zivunjwamo amafaranga z’impimbano",,ITEGEKO Nº 059/2023 RYO KU WA 04/12/2023 RIHINDURA ITEGEKO Nº 68/2018 RYO KU WA 30/08/2037 RITEGANYA IBYAHA N’IBIHANO MURI RUSANGE,"Ingingo ya 271 y’Itegeko nº 68/2018 ryo ku wa 30/08/2018 riteganya ibyaha n’ibihano muri rusange ihinduwe ku buryo bukurikira: « Ingingo ya 271: Guhimba impapuro zivunjwamo amafaranga, gukoresha cyangwa gukwirakwiza inyandiko zivunjwamo amafaranga z’impimbano Umuntu wese uhimba impapuro zivunjwamo amafaranga, ukoresha cyangwa ukwirakwiza mu buryo ubwo ari bwo bwose impapuro zivunjwamo amafaranga azi ko ari impimbano, aba akoze icyaha. Iyo abihamijwe n’urukiko, ahanishwa igifungo kitari munsi y’imyaka 3 ariko kitarenze imyaka 5 n’ihazabu yikubye inshuro kuva kuri 2 kugeza ku 10 z’agaciro k’impapuro zivunjwamo amafaranga yahimbye, yakoresheje cyangwa yakwirakwije.»",,,,
ITEGEKO RITEGANYA IBYAHA N’IBIHANO MURI RUSANGE,Ingingo ya 21: Kunyagwa amapeti ya gisirikare,,ITEGEKO Nº 059/2023 RYO KU WA 04/12/2023 RIHINDURA ITEGEKO Nº 68/2018 RYO KU WA 30/08/2038 RITEGANYA IBYAHA N’IBIHANO MURI RUSANGE,"Ingingo ya 291 y’Itegeko nº 68/2018 ryo ku wa 30/08/2018 riteganya ibyaha n’ibihano muri rusange ihinduwe ku buryo bukurikira: « Igihano cyo kunyagwa amapeti ya
gisirikare gihabwa umusirikare iyo –

(a) akoze icyaha cy’ubugambanyi;

(b) yeguriye umwanzi ikigo cyangwa
ahantu ashinzwe cyangwa
yatereranye abandi basirikare ku
rugamba;

(c) akoze ubugande cyangwa
ubwivumbure mu gihe cy’intambara;

(d) ahurujwe mu gihe cy’intambara
ntajye aho ahamagarirwa kuba ari;

(e) atorotse igisirikare;

(f) akoze icyaha cya jenoside;

(g) akoze icyaha cyibasiye inyokomuntu;

(h) akoze icyaha cyo gukoresha
imibonano mpuzabitsina ku gahato;

(i) akoze icyaha cyo gusambanya
umwana;

(j) akoze icyaha cyo kurya, kunywa,
kwitera, guhumeka, kwisiga
ibiyobyabwenge cyangwa urusobe
rw’imiti ikoreshwa nka byo, cyangwa icyo gukora, guhinga, guhindura,
gutunda, kubika, guha undi,
kugurisha ibiyobyabwenge cyangwa
urusobe rw’imiti ikoreshwa nka byo
mu buryo bunyuranije n’amategeko;
cyangwa

(k) akatiwe igihano k’igifungo kiri
hejuru y’imyaka 5. »",,,,
ITEGEKO RITEGANYA IBYAHA N’IBIHANO MURI RUSANGE,Ingingo ya 22: Ingingo y’ururimi,,ITEGEKO Nº 059/2023 RYO KU WA 04/12/2023 RIHINDURA ITEGEKO Nº 68/2018 RYO KU WA 30/08/2039 RITEGANYA IBYAHA N’IBIHANO MURI RUSANGE,"Iri tegeko ryateguwe, risuzumwa kandi ritorwa mu rurimi rw’Ikinyarwanda.",,,,
ITEGEKO RITEGANYA IBYAHA N’IBIHANO MURI RUSANGE,Ingingo ya 23: Gutangira gukurikizwa,,ITEGEKO Nº 059/2023 RYO KU WA 04/12/2023 RIHINDURA ITEGEKO Nº 68/2018 RYO KU WA 30/08/2040 RITEGANYA IBYAHA N’IBIHANO MURI RUSANGE,Iri tegeko ritangira gukurikizwa ku munsi ritangarijweho mu Igazeti ya Leta ya Repubulika y’u Rwanda.,,,,

Ubwoko,Category,Umutwe,Ibyiciro by'Ingingo,Itegeko,Description,Igihano
AMABWIRIZA YA KOMISERI MUKURU Nº 003/2020 YO KU WA 05/08/2020 AGENA IBISHINGIRWAHO MU GUSHYIRA UMUSORESHWA MU CYICIRO CY’ABASORESHWA BANINI,Amabwiriza,,,Ingingo ya mbere: Icyo aya mabwiriza agamije,Aya mabwiriza agena ibishingirwaho mu kwandika umusoreshwa mu basoreshwa banin,
AMABWIRIZA YA KOMISERI MUKURU Nº 003/2020 YO KU WA 05/08/2021 AGENA IBISHINGIRWAHO MU GUSHYIRA UMUSORESHWA MU CYICIRO CY’ABASORESHWA BANINI,Amabwiriza,,,Ingingo ya 2: Ibishingirwaho mu kwandikwa mu basoreshwa banini,"Umusoreshwa ashyirwa mu cyiciro cy’Abasoreshwa banini hashingiwe kuri kimwe muri ibi bikurikira : 1. kuba afite ibyacurujwe ku mwaka birengeje miliyari imwe y’amafaranga y’u Rwanda (1.000.000.000 FRW) ; 2. kuba yarishyuye umusoro ku nyungu cyangwa umusoro ku nyongeragaciro ungana cyangwa urenga miliyoni ijana y’amafaranga y’u Rwanda (100.000.000 FRW) buri mwaka mu bihe by’umusoro bitatu (3) bikurikirana ; 3. kuba yarishyuye umusoro ku bihembo ungana cyangwa urenga miliyoni magana abiri z’amafaranga y’u Rwanda (200.000.0000 frw) buri mwaka mu bihe by’umusoro bitatu (3) bikurikirana ; 4. Kuba yarishyuye imisoro ifatirwa ifite agaciro kangana cyangwa karenga miliyali imwe y’amafaranga y’u Rwanda (1.000.000.000 FRW) buri mwaka mu bihe by’umusoro bitatu (3) bikurikirana ;

5. kuba yaragize igihombo nibura
kingana na miliyoni magana atanu
z’amafaranga y’u Rwanda
(500.000.000 FRW) buri mwaka mu
bihe by’umusoro bitatu (3)
bikurikirana ;

6. Kuba afite umushinga mushya
w’ishoramari ufite agaciro kangana
cyangwa karenga miliyali eshanu
z’amafaranga y’u Rwanda
(5.000.000.000 FRW) ; cyangwa

7. Kuba akora ubucuruzi buri muri
kimwe mu byiciro by’ubukungu
bikurikira :
 - banki z’ubucuruzi ; - kompanyi z’ubwishingizi ; - kompanyi z’itumanaho ;",
AMABWIRIZA YA KOMISERI MUKURU Nº 003/2020 YO KU WA 05/08/2022 AGENA IBISHINGIRWAHO MU GUSHYIRA UMUSORESHWA MU CYICIRO CY’ABASORESHWA BANINI,Amabwiriza,,,Ingingo ya 3: Uburyo bwo kumenyesha umusoreshwa,Ubuyobozi bw’imisoro bumenyesha umusoreshwa mu nyandiko ko ari umusoreshwa munini.,
AMABWIRIZA YA KOMISERI MUKURU Nº 003/2020 YO KU WA 05/08/2023 AGENA IBISHINGIRWAHO MU GUSHYIRA UMUSORESHWA MU CYICIRO CY’ABASORESHWA BANINI,Amabwiriza,,,Ingingo ya 4: Ivanwaho ry’ingingo zinyuranyije n’aya mabwiriza,Ingingo zose z’amabwiriza abanziriza aya kandi anyuranyije na yo zivanyweho.,
AMABWIRIZA YA KOMISERI MUKURU Nº 003/2020 YO KU WA 05/08/2024 AGENA IBISHINGIRWAHO MU GUSHYIRA UMUSORESHWA MU CYICIRO CY’ABASORESHWA BANINI,Amabwiriza,,,Ingingo ya 5: Igihe aya mabwiriza atangira gukurikizwa,Aya mabwiriza atangira gukurikizwa ku munsi yatangarijweho mu Igazeti ya Leta ya Repubulika y’u Rwanda.,
ITEKA RYA PEREZIDA N° 075/01 RYO KU WA 04/12/2023 RISHYIRAHO AMAHORO YAKWA KURI SERIVISI NO KU BYEMEZO BITANGWA N’INZEGO Z’IMITEGEKERE Y’IGIHUGU ZEGEREJWE ABATURAGE,Iteka rya perezida,,,Itegeko,Description,Igihano
ITEKA RYA PEREZIDA N° 075/01 RYO KU WA 04/12/2024 RISHYIRAHO AMAHORO YAKWA KURI SERIVISI NO KU BYEMEZO BITANGWA N’INZEGO Z’IMITEGEKERE Y’IGIHUGU ZEGEREJWE ABATURAGE,Iteka rya perezida,UMUTWE WA MBERE:INGINGO RUSANGE,,Ingingo ya mbere: Icyo iri teka rigamije ,"
Iri teka rishyiraho amahoro yakwa kuri
serivisi no ku byemezo bitangwa n’inzego
z’imitegekere y’Igihugu zegerejwe
abaturage. Rigaragaza kandi urutonde
n’ibipimo ntarengwa by’ayo mahoro",
ITEKA RYA PEREZIDA N° 075/01 RYO KU WA 04/12/2025 RISHYIRAHO AMAHORO YAKWA KURI SERIVISI NO KU BYEMEZO BITANGWA N’INZEGO Z’IMITEGEKERE Y’IGIHUGU ZEGEREJWE ABATURAGE,Iteka rya perezida,UMUTWE WA MBERE:INGINGO RUSANGE,,Ingingo ya 2: Isobanura,"
Muri iri teka:(a) « banderore » bivuga urupapuro
cyangwa umwenda byanditseho
ubutumwa bwamamaza cyangwa
bumenyesha abantu igikorwa runaka
kandi bishyirwa ahantu umuntu
wese ashobora kubibona;(b) « gusana inyubako » bivuga
ugusubiranya ahangiritse ku
nyubako, gutera irangi ariko
udahinduye imiterere, igisenge,
ubuso byayo cyangwa ngo ugire
ikindi gice wongera ku nyubako;

(c) « icyapa cyamamaza » bivuga
icyapa gikozwe mu buryo ubwo ari
bwo bwose gishyirwa ahantu
kigamije kwamamaza imirimo
igamije inyungu, kigaha abaguzi
amakuru  ku bicuruzwa cyangwa
serivisi bikorwa cyangwa
bigurishwa n’ikigo runaka;

(d) « icyapa kiranga ahantu » bivuga
icyapa gikozwe mu buryo ubwo ari
bwo bwose, cyerekana icyerekezo
cy’ahantu hakorerwa imirimo
runaka, ariko ntigihe umuguzi
amakuru yose akenewe kugira ngo
ashobore kugura ibyo akeneye;

(e) « kariyeri » bivuga ahantu hatazuye
cyangwa igisimu hagenwe
n’ubuyobozi bubifitiye ububasha
hacukurwamo ibinyabutaka
bikoreshwa mu mirimo inyuranye
hashingiwe ku miterere n’imimerere
yabyo;(f) « kuvugurura inyubako »
bikubiyemo guhindura imiterere
y’inyubako, igisenge cyayo
cyangwa kuyongerera ubuso;

(g) « parikingi rusange » bivuga
icyanya rusange cyagenewe
guhagararamo ibinyabiziga bitwara
abantu n’ibintu mu buryo bwa
rusange cyangwa ahandi hantu
ibinyabiziga, ibinyamitende
n’amato bihagarara hatunganyijwe
n’inzego za Leta;

(h) « santeri y’ubucuruzi » bivuga
ahantu hagenwa n’urwego
rw’imitegekere y’Igihugu
rwegerejwe abaturage hakorerwa
ibikorwa by’ubucuruzi bito
n’ibiriritse;

(i) « umunara w’itumanaho » bivuga
igikoresho gikozwe mu cyuma
cyangwa mu bindi bikoresho,
gishyizwe ku butaka cyangwa
hejuru y’inyubako kugira ngo
cyifashishwe mu itumanaho. ",
ITEKA RYA PEREZIDA N° 075/01 RYO KU WA 04/12/2026 RISHYIRAHO AMAHORO YAKWA KURI SERIVISI NO KU BYEMEZO BITANGWA N’INZEGO Z’IMITEGEKERE Y’IGIHUGU ZEGEREJWE ABATURAGE,Iteka rya perezida,UMUTWE WA II: AMAHORO YAKWA KURI SERIVISI NO KU BYEMEZO,,Ingingo ya 3: Urutonde rw’amahoro yakwa kuri serivisi no ku byemezo,(1) Amahoro yakwa kuri serivisi no ku byemezo bitangwa n’inzego z’imitegekere y’Igihugu zegerejwe abaturage ni aya akurikira: (a) amahoro ku ikoreshwa ry’umutungo rusange wa Leta; (b) amahoro kuri serivisi zitangwa n’inzego z’imitegekere y’Igihugu zegerejwe abaturage; (c) amafaranga yakwa nk’amahoro. (2) Urwego rw’imitegekere y’Igihugu rwegerejwe abaturage rubujijwe gushyiraho amahoro cyangwa amafaranga yakwa nk’amahoro adateganyijwe n’iri teka.,
ITEKA RYA PEREZIDA N° 075/01 RYO KU WA 04/12/2027 RISHYIRAHO AMAHORO YAKWA KURI SERIVISI NO KU BYEMEZO BITANGWA N’INZEGO Z’IMITEGEKERE Y’IGIHUGU ZEGEREJWE ABATURAGE,Iteka rya perezida,UMUTWE WA II: AMAHORO YAKWA KURI SERIVISI NO KU BYEMEZO,,"Ingingo ya 4: Amahoro yakwa ku
ikoreshwa ry’umutungo rusange wa Leta ",Amahoro yakwa ku ikoreshwa ry’umutungo rusange wa Leta ni amahoro kuri parikingi rusange n’amahoro y’isoko.,
ITEKA RYA PEREZIDA N° 075/01 RYO KU WA 04/12/2028 RISHYIRAHO AMAHORO YAKWA KURI SERIVISI NO KU BYEMEZO BITANGWA N’INZEGO Z’IMITEGEKERE Y’IGIHUGU ZEGEREJWE ABATURAGE,Iteka rya perezida,UMUTWE WA II: AMAHORO YAKWA KURI SERIVISI NO KU BYEMEZO,,Ingingo ya 5: Amahoro yakwa kuri serivisi zitangwa n’inzego z’imitegekere y’Igihugu zegerejwe abaturage,Amahoro yakwa kuri serivisi zitangwa n’inzego z’imitegekere y’Igihugu zegerejwe abaturage ni aya akurikira: (a) amahoro ku gushyingirwa ku munsi unyuranye n’uwagenwe n’Inama Njyanama y’urwego rw’imitegekere y’Igihugu rwegerejwe abaturage; (b) amahoro kuri serivisi n’ibyemezo bijyanye n’umutungo utimukanwa; (c) amahoro ku byemezo bitangwa n’urwego rw’imitegekere y’Igihugu rwegerejwe abaturage; (d) amahoro ku ruhushya rwo kubumba no gutwika amatafari n’amategura; (e) amahoro ku ruhushya rwo gutwika amakara.,
ITEKA RYA PEREZIDA N° 075/01 RYO KU WA 04/12/2029 RISHYIRAHO AMAHORO YAKWA KURI SERIVISI NO KU BYEMEZO BITANGWA N’INZEGO Z’IMITEGEKERE Y’IGIHUGU ZEGEREJWE ABATURAGE,Iteka rya perezida,UMUTWE WA II: AMAHORO YAKWA KURI SERIVISI NO KU BYEMEZO,,Ingingo ya 6: Amafaranga yakwa nk’amahoro,"Amafaranga yakwa nk’amahoro ni aya akurikira:(a)  amafaranga ku cyapa cyamamaza;


(b)  amafaranga kuri banderore;

(c) amafaranga ku kwamamaza
hakoreshejwe uburyo
budateganyijwe muri iri teka;

(d) amafaranga ku cyapa kiranga
ubwato;

(e) amafaranga ku minara y’itumanaho;


(f) amafaranga ku bucuruzi bwo
gutwara ibikomoka kuri kariyeri;

(g) amafaranga ku byasaruwe bikomoka
ku mashyamba",
ITEKA RYA PEREZIDA N° 075/01 RYO KU WA 04/12/2030 RISHYIRAHO AMAHORO YAKWA KURI SERIVISI NO KU BYEMEZO BITANGWA N’INZEGO Z’IMITEGEKERE Y’IGIHUGU ZEGEREJWE ABATURAGE,Iteka rya perezida,UMUTWE WA III: IBIPIMO NTARENGWA BY’AMAHORO YAKWA KURI SERIVISI NO KU BYEMEZO,Icyiciro cya mbere: Ibipimo ntarengwa by’amahoro yakwa ku ikoreshwa ry’umutungo rusange wa Leta,Ingingo ya 7: Parikingi rusange yo ku muhanda,"Ibipimo ntarengwa by’amahoro yakwa kuri parikingi rusange yo ku muhanda bishyizweho ku buryo bukurikira: (a) imodoka nto: (i) FRW 200 ku isaha; (ii) FRW 1.000 ku munsi; (iii) FRW 15.000 ku kwezi; (b) ikamyo nto na minibisi: (i) FRW 300 ku isaha; (ii) FRW 1.500 ku munsi; (iii) FRW 20.000 ku kwezi; (c) ikamyo nini idafite remoruki, bisi nini na za taragiteri: (i) FRW 500 ku isaha; (ii) FRW 2.500 ku munsi; (iii) FRW 25.000 ku kwezi;(d)  ikamyo ifite remoruki n’imashini
nini zikoreshwa mu mirimo yo
kubaka inzu cyangwa imihanda:

(i) FRW 1.000 ku isaha;

(ii) FRW 5.000 ku munsi;

(iii) FRW 30.000 ku kwezi.",
ITEKA RYA PEREZIDA N° 075/01 RYO KU WA 04/12/2031 RISHYIRAHO AMAHORO YAKWA KURI SERIVISI NO KU BYEMEZO BITANGWA N’INZEGO Z’IMITEGEKERE Y’IGIHUGU ZEGEREJWE ABATURAGE,Iteka rya perezida,UMUTWE WA III: IBIPIMO NTARENGWA BY’AMAHORO YAKWA KURI SERIVISI NO KU BYEMEZO,Icyiciro cya mbere: Ibipimo ntarengwa by’amahoro yakwa ku ikoreshwa ry’umutungo rusange wa Leta,Ingingo ya 8: Parikingi rusange yubakiye,"Ibipimo ntarengwa by’amahoro yakwa kuri parikingi rusange yubakiye bishyizweho ku buryo bukurikira: (a) imodoka itwara abagenzi muri rusange ifite ibyicaro bitarenze 18 n’amavatiri akora tagisi: FRW 500 ku munsi; (b) imodoka ifite ibyicaro 19 kugeza kuri 30 itwara abagenzi muri rusange: FRW 1.000 ku munsi; (c) imodoka ifite ibyicaro 31 kugeza kuri 50 itwara abagenzi muri rusange: amahoro ahera ku FRW 1.500 kugeza ku FRW 3.000 ku munsi; (d) imodoka ifite ibyicaro birenze 50 itwara abagenzi muri rusange:
Ibipimo ntarengwa by’amahoro yakwa kuri
parikingi rusange yubakiye bishyizweho ku
buryo bukurikira:

(a)  imodoka itwara abagenzi muri
rusange ifite ibyicaro bitarenze 18
n’amavatiri akora tagisi: FRW 500 ku
munsi;

(b) imodoka ifite ibyicaro 19 kugeza kuri
30 itwara abagenzi muri rusange:
FRW 1.000 ku munsi;

(c) imodoka ifite ibyicaro 31 kugeza kuri
50 itwara abagenzi muri rusange:
amahoro ahera ku FRW 1.500 kugeza
ku FRW 3.000 ku munsi;

(d) imodoka ifite ibyicaro birenze 50
itwara abagenzi muri rusange:amahoro ahera ku FRW 3.500 kugeza
ku FRW 10.000 ku munsi;

(e) imodoka idatwara abagenzi muri
rusange yinjiye muri parikingi rusange
yishyurirwa FRW 200 uko yinjiye
muri parikingi rusange.

 ",
ITEKA RYA PEREZIDA N° 075/01 RYO KU WA 04/12/2032 RISHYIRAHO AMAHORO YAKWA KURI SERIVISI NO KU BYEMEZO BITANGWA N’INZEGO Z’IMITEGEKERE Y’IGIHUGU ZEGEREJWE ABATURAGE,Iteka rya perezida,UMUTWE WA III: IBIPIMO NTARENGWA BY’AMAHORO YAKWA KURI SERIVISI NO KU BYEMEZO,Icyiciro cya mbere: Ibipimo ntarengwa by’amahoro yakwa ku ikoreshwa ry’umutungo rusange wa Leta,Ingingo ya 9: Parikingi rusange y’ubwato,"Ibipimo ntarengwa by’amahoro yakwa kuri parikingi rusange y’ubwato bishyizweho ku buryo bukurikira: (a) ubwato bufite moteri bwikorera toni zitarenze eshanu: (i) FRW 150 ku munsi; (ii) FRW 4.000 ku kwezi; (b) ubwato bufite moteri bwikorera toni zirenze eshanu: (i) FRW 200 ku munsi; (ii) FRW 5.000 ku kwezi; (c) ubwato butoya budafite moteri:(i) FRW 100 ku munsi;

(ii) FRW 3.000 ku kwezi.",
ITEKA RYA PEREZIDA N° 075/01 RYO KU WA 04/12/2033 RISHYIRAHO AMAHORO YAKWA KURI SERIVISI NO KU BYEMEZO BITANGWA N’INZEGO Z’IMITEGEKERE Y’IGIHUGU ZEGEREJWE ABATURAGE,Iteka rya perezida,UMUTWE WA III: IBIPIMO NTARENGWA BY’AMAHORO YAKWA KURI SERIVISI NO KU BYEMEZO,Icyiciro cya mbere: Ibipimo ntarengwa by’amahoro yakwa ku ikoreshwa ry’umutungo rusange wa Leta,Ingingo ya 10: Ubucuruzi bw’amatungo,"
(1) Ibipimo ntarengwa by’amahoro
y’isoko yakwa ku bucuruzi
bw’amatungo bishyizweho ku buryo
bukurikira:

(a) inka: FRW 3.000;

(b) ihene: FRW 500;

(c) ingurube: FRW 700;

(d) intama: FRW 500.

(2) Amahoro avugwa mu gika cya (1)
cy’iyi ngingo yishyurwa
n’umucuruzi w’amatungo kuri buri
tungo rigurishijwe. ",
ITEKA RYA PEREZIDA N° 075/01 RYO KU WA 04/12/2034 RISHYIRAHO AMAHORO YAKWA KURI SERIVISI NO KU BYEMEZO BITANGWA N’INZEGO Z’IMITEGEKERE Y’IGIHUGU ZEGEREJWE ABATURAGE,Iteka rya perezida,UMUTWE WA III: IBIPIMO NTARENGWA BY’AMAHORO YAKWA KURI SERIVISI NO KU BYEMEZO,Icyiciro cya mbere: Ibipimo ntarengwa by’amahoro yakwa ku ikoreshwa ry’umutungo rusange wa Leta,"
Ingingo ya 11: Ikoreshwa ry’ibagiro
ry’urwego rw’imitegekere y’Igihugu
rwegerejwe abaturage","
Kubagira amatungo mu ibagiro ry’urwego
rw’imitegekere y’Igihugu rwegerejwe
abaturage byishyurirwa amahoro ku buryo
bukurikira:(a) inka: FRW 2.000;

(b) ihene: FRW 500;

(c) ingurube: FRW 1.000;

(d) intama: FRW 500. ",
ITEKA RYA PEREZIDA N° 075/01 RYO KU WA 04/12/2035 RISHYIRAHO AMAHORO YAKWA KURI SERIVISI NO KU BYEMEZO BITANGWA N’INZEGO Z’IMITEGEKERE Y’IGIHUGU ZEGEREJWE ABATURAGE,Iteka rya perezida,UMUTWE WA III: IBIPIMO NTARENGWA BY’AMAHORO YAKWA KURI SERIVISI NO KU BYEMEZO,"Icyiciro cya 2: Ibipimo ntarengwa by’amahoro yakwa kuri serivisi, impushya n’ibyemezo","ngingo ya 12: Gushyingirwa imbere
y’ubutegetsi  ","
(1) Serivisi yo gushyingirwa imbere
y’ubutegetsi ku munsi wagenwe
n’Inama Njyanama y’urwego
rw’imitegekere y’Igihugu
rwegerejwe abaturage itangirwa
ubuntu.

(2) Umuntu ushaka gushyingirwa
imbere y’ubutegetsi ku munsi
unyuranye n’uwagenwe n’Inama
Njyanama y’urwego rw’imitegekere
y’Igihugu rwegerejwe abaturage
yishyura amahoro angana na FRW
50.000. ",
ITEKA RYA PEREZIDA N° 075/01 RYO KU WA 04/12/2036 RISHYIRAHO AMAHORO YAKWA KURI SERIVISI NO KU BYEMEZO BITANGWA N’INZEGO Z’IMITEGEKERE Y’IGIHUGU ZEGEREJWE ABATURAGE,Iteka rya perezida,UMUTWE WA III: IBIPIMO NTARENGWA BY’AMAHORO YAKWA KURI SERIVISI NO KU BYEMEZO,"Icyiciro cya 3: Ibipimo ntarengwa by’amahoro yakwa kuri serivisi, impushya n’ibyemezo",Ingingo ya 13: Uruhushya rwo kubaka,"1) Ibipimo ntarengwa by’amahoro yakwa ku ruhushya rwo kubaka bishyizweho ku buryo bukurikira: (a) FRW 20.000 ku buso bw’ubutaka bwubakwaho mu kibanza butarenze m2 100; (b) FRW 100.000 ku buso bw’ubutaka bwubakwaho mu kibanza buhera hejuru ya m2100 kugeza kuri m2 200; (c) FRW 150.000 ku buso bw’ubutaka bwubakwaho mu kibanza buhera hejuru ya m2 200 kugeza kuri m2 500; (d) FRW 200.000 ku buso bw’ubutaka bwubakwaho burenze m2 500. (2) Ibipimo ntarengwa by’amahoro bivugwa mu gika cya (1) cy’iyi ngingo ni na byo bikoreshwa kuri serivisi zo kongeresha igihe cy’uruhushya rwo kubaka cyangwa izo guhindura impamvu zashingiweho mu gusaba uruhushya(3) Inama Njyanama y’urwego
rw’imitegekere y’Igihugu
rwegerejwe abaturage ishobora
kwemerera utishoboye wabisabye,
kutishyura amahoro avugwa mu
gika cya (1) cy’iyi ngingo. ",
ITEKA RYA PEREZIDA N° 075/01 RYO KU WA 04/12/2037 RISHYIRAHO AMAHORO YAKWA KURI SERIVISI NO KU BYEMEZO BITANGWA N’INZEGO Z’IMITEGEKERE Y’IGIHUGU ZEGEREJWE ABATURAGE,Iteka rya perezida,UMUTWE WA III: IBIPIMO NTARENGWA BY’AMAHORO YAKWA KURI SERIVISI NO KU BYEMEZO,"Icyiciro cya 4: Ibipimo ntarengwa by’amahoro yakwa kuri serivisi, impushya n’ibyemezo","Ingingo ya 14: Inyandiko, ibyemezo na serivisi","(a) inyandiko y’irangamimerere: FRW 1.500; (b) inyandiko ihinnye y’irangamimerere: FRW 1.000; (c) ikarita ndangamuntu: FRW 500; (d) icyemezo gisimbura ikarita ndangamuntu yatakaye: FRW 3.000; (e) icyemezo cy’amavuko: FRW 500; (f) icyemezo cy’uko umuntu yashyingiwe: FRW 500;(g) icyemezo cy’uko umuntu ari
ingaragu: FRW 500;

(h) icyemezo cy’uko umuntu
yatandukanye n’uwo
bashyingiranywe: FRW 500;

(i) serivisi yo kugurisha mu cyamunara
itanzwe n’umuhesha w’inkiko utari
uw’umwuga ku mitungo
itimukanwa: FRW 5.000. ",
ITEKA RYA PEREZIDA N° 075/01 RYO KU WA 04/12/2038 RISHYIRAHO AMAHORO YAKWA KURI SERIVISI NO KU BYEMEZO BITANGWA N’INZEGO Z’IMITEGEKERE Y’IGIHUGU ZEGEREJWE ABATURAGE,Iteka rya perezida,UMUTWE WA III: IBIPIMO NTARENGWA BY’AMAHORO YAKWA KURI SERIVISI NO KU BYEMEZO,"Icyiciro cya 5: Ibipimo ntarengwa by’amahoro yakwa kuri serivisi, impushya n’ibyemezo",Ingingo ya 15: Inyandiko zishyizweho umukono na noteri wa Leta,"Inyandiko zishyizweho umukono na Noteri wa Leta zishyurwa amahoro ku buryo bukurikira: (a) kwemeza ko inyandiko ari impamo: FRW 1.500; (b) kwemeza ko kopi y’inyandiko ihuye n’iy’umwimerere: FRW 1.500; (c) guhamya imikono FRW 1.200; (d) gushyira umukono wa noteri kuri sitati: FRW 500 kuri buri rupapuro; (e) gushyira umukono wa noteri kumasezerano ayo ari yo yose: FRW
500 kuri buri rupapuro;

(f) gutanga izindi nyandiko
z’umunoteri ziteganywa
n’amategeko: FRW 500 kuri buri
rupapuro. ",
ITEKA RYA PEREZIDA N° 075/01 RYO KU WA 04/12/2039 RISHYIRAHO AMAHORO YAKWA KURI SERIVISI NO KU BYEMEZO BITANGWA N’INZEGO Z’IMITEGEKERE Y’IGIHUGU ZEGEREJWE ABATURAGE,Iteka rya perezida,UMUTWE WA III: IBIPIMO NTARENGWA BY’AMAHORO YAKWA KURI SERIVISI NO KU BYEMEZO,Icyiciro cya 3: Ibipimo ntarengwa by’amafaranga yakwa nk’amahoro,Ingingo ya 16: Ibyapa byamamaza,"(1) Ibipimo ntarengwa by’amafaranga yakwa nk’amahoro ku byapa byamamaza hadakoreshejwe ikoranabuhanga bishyizweho ku buryo bukurikira: (a) mu Mujyi wa Kigali: FRW 20.000 kuri m2 ku mwaka; (b) mu mijyi igaragiye cyangwa yunganira Umujyi wa Kigali: FRW 15.000 kuri m2 ku mwaka; (c) ahasigaye hose mu Gihugu: FRW 10.000 kuri m2 ku mwaka. (2) Icyapa cyamamaza hakoreshejweuburyo bw’ikoranabuhanga: FRW
100.000 ku mwaka hatitawe ku
ngano yacyo n’aho giherereye.

(3) Ibindi byapa bwamamaza
byanditseho ubutumwa budahoraho
bikorwa ku buryo budahoraho
bisabirwa uruhushya ku rwego
rubifitiye ububasha bikishyurirwa
amahoro angana na FRW 5.000 ku
munsi.

(4) Amafaranga yakwa nk’amahoro
avugwa mu gika cya (1) cy’iyi
ngingo ashobora guhabwa agaciro
akishyurwa ku gihembwe, bisabwe
n’uwamamaza.

(5) Iyo icyapa cyamamaza ku mpande
zombi, buri ruhande rwishyurirwa
amahoro ukwarwo. ",
ITEKA RYA PEREZIDA N° 075/01 RYO KU WA 04/12/2040 RISHYIRAHO AMAHORO YAKWA KURI SERIVISI NO KU BYEMEZO BITANGWA N’INZEGO Z’IMITEGEKERE Y’IGIHUGU ZEGEREJWE ABATURAGE,Iteka rya perezida,UMUTWE WA III: IBIPIMO NTARENGWA BY’AMAHORO YAKWA KURI SERIVISI NO KU BYEMEZO,Icyiciro cya 4: Ibipimo ntarengwa by’amafaranga yakwa nk’amahoro,Ingingo ya 17: Ikoreshwa ry’indangururamajwi mu kwamamaza,"(1) Ibipimo ntarengwa by’amafaranga yakwa nk’amahoro ku ikoreshwa ry’indangururamajwi mu kwamamaza bishyizweho ku buryo bukurikira: (a) mu Mujyi wa Kigali: FRW100.000 ku munsi;

(b) mu mijyi igaragiye cyangwa
iyunganira Umujyi wa
Kigali: FRW 50.000 ku
munsi;

(c) ahasigaye hose mu Gihugu:
FRW 10.000 ku munsi.

(2) Uburyo bwo kwamamaza
buteganyijwe muri iyi ngingo
bubanza gusabirwa uruhushya
rwihariye ku rwego rubifitiye
ububasha. ",
ITEKA RYA PEREZIDA N° 075/01 RYO KU WA 04/12/2041 RISHYIRAHO AMAHORO YAKWA KURI SERIVISI NO KU BYEMEZO BITANGWA N’INZEGO Z’IMITEGEKERE Y’IGIHUGU ZEGEREJWE ABATURAGE,Iteka rya perezida,UMUTWE WA III: IBIPIMO NTARENGWA BY’AMAHORO YAKWA KURI SERIVISI NO KU BYEMEZO,Icyiciro cya 5: Ibipimo ntarengwa by’amafaranga yakwa nk’amahoro,Ingingo ya 18: Ikoreshwa rya banderore,"Igipimo ntarengwa cy’amafaranga yakwa
nk’amahoro ku ikoreshwa rya banderore ni
FRW 7.500 ku munsi.  ",
ITEKA RYA PEREZIDA N° 075/01 RYO KU WA 04/12/2042 RISHYIRAHO AMAHORO YAKWA KURI SERIVISI NO KU BYEMEZO BITANGWA N’INZEGO Z’IMITEGEKERE Y’IGIHUGU ZEGEREJWE ABATURAGE,Iteka rya perezida,UMUTWE WA III: IBIPIMO NTARENGWA BY’AMAHORO YAKWA KURI SERIVISI NO KU BYEMEZO,Icyiciro cya 6: Ibipimo ntarengwa by’amafaranga yakwa nk’amahoro,Ingingo ya 19: Uburyo bwo kwamamaza budateganyijwe muri iri teka,"(1) Igipimo ntarengwa cy’amafaranga yakwa nk’amahoro ku buryo bwo kwamamaza budateganyijwe muri iri teka ni FRW 10.000 ku gihembwe cyangwa FRW 1.000 ku munsi. (2) Uburyo bwo kwamamazabudateganyijwe muri iri teka
busabirwa uruhushya rwihariye ku
rwego rubifitiye ububasha.
Icyakora, kwamamaza bikorewe ku
nyubako cyangwa ku binyabiziga
n’abasanzwe babikoresha
ntibisabirwa uruhushya kandi
ntibyishyuzwa.",
ITEKA RYA PEREZIDA N° 075/01 RYO KU WA 04/12/2043 RISHYIRAHO AMAHORO YAKWA KURI SERIVISI NO KU BYEMEZO BITANGWA N’INZEGO Z’IMITEGEKERE Y’IGIHUGU ZEGEREJWE ABATURAGE,Iteka rya perezida,UMUTWE WA III: IBIPIMO NTARENGWA BY’AMAHORO YAKWA KURI SERIVISI NO KU BYEMEZO,Icyiciro cya 7: Ibipimo ntarengwa by’amafaranga yakwa nk’amahoro,Ingingo ya 20: Icyapa kiranga ahantu,"Icyapa kiranga ahantu nticyishyurirwa amahoro. Icyakora, iyo cyongeweho ubutumwa bwamamaza ubucuruzi cyishyurirwa amahoro kuri metero kare, hakurikijwe ibiteganywa n’ingingo ya 16 y’iri teka.",
ITEKA RYA PEREZIDA N° 075/01 RYO KU WA 04/12/2044 RISHYIRAHO AMAHORO YAKWA KURI SERIVISI NO KU BYEMEZO BITANGWA N’INZEGO Z’IMITEGEKERE Y’IGIHUGU ZEGEREJWE ABATURAGE,Iteka rya perezida,UMUTWE WA III: IBIPIMO NTARENGWA BY’AMAHORO YAKWA KURI SERIVISI NO KU BYEMEZO,Icyiciro cya 8: Ibipimo ntarengwa by’amafaranga yakwa nk’amahoro,Ingingo ya 21: Icyapa kiranga ubwato,"(1) Ibipimo ntarengwa by’amafaranga yakwa nk’amahoro ku cyapa kiranga ubwato bishyizweho ku buryo bukurikira: (a) ubwato bufite moteri: FRW 15.000; (b) ubwato budafite moteri: FRW 5.000.(2) Amafaranga y’amahoro avugwa mu
mu gika cya (1) cy’iyi ngingo
atangwa inshuro imwe gusa kuri buri
bwato.

(3) Icyakora, iyo ubwato butakaje
icyapa, nyirabwo yongera
kwishyura amafaranga y'amahoro
avugwa mu gika cya (1) cy'iyi
ngingo kugira ngo ahabwe ikindi. ",
ITEKA RYA PEREZIDA N° 075/01 RYO KU WA 04/12/2045 RISHYIRAHO AMAHORO YAKWA KURI SERIVISI NO KU BYEMEZO BITANGWA N’INZEGO Z’IMITEGEKERE Y’IGIHUGU ZEGEREJWE ABATURAGE,Iteka rya perezida,UMUTWE WA III: IBIPIMO NTARENGWA BY’AMAHORO YAKWA KURI SERIVISI NO KU BYEMEZO,Icyiciro cya 9: Ibipimo ntarengwa by’amafaranga yakwa nk’amahoro,Ingingo ya 22: Iminara y’itumanaho,"(1) Igipimo ntarengwa cy’amafaranga
yakwa nk’amahoro ku minara
y’itumanaho ni FRW 2.000 kuri buri
metero imwe y’ubujyejuru ku
mwaka.

(2) Iyo umunara ushinze ku nyubako
cyangwa ku kindi kintu gituma
ubujyejuru bwawo bwiyongera,
uburebure bw’iyo nyubako cyangwa
ubw’icyo kintu na bwo burabarwa
mu kugena uburebure bwishyuzwa.
Uburebure bw’icyo umunara
ushinzeho bubarirwa FRW 1.000
kuri metero imwe y’ubujyejuru ku
mwaka.",
ITEKA RYA PEREZIDA N° 075/01 RYO KU WA 04/12/2046 RISHYIRAHO AMAHORO YAKWA KURI SERIVISI NO KU BYEMEZO BITANGWA N’INZEGO Z’IMITEGEKERE Y’IGIHUGU ZEGEREJWE ABATURAGE,Iteka rya perezida,UMUTWE WA III: IBIPIMO NTARENGWA BY’AMAHORO YAKWA KURI SERIVISI NO KU BYEMEZO,Icyiciro cya 10: Ibipimo ntarengwa by’amafaranga yakwa nk’amahoro,Ingingo ya 23: Ubucuruzi bwo gutwara ibikomoka kuri kariyeri,"Igipimo ntarengwa cy’amafaranga yakwa nk’amahoro, kuri buri nshuro imodoka ipakiye, ku bucuruzi bwo gutwara ibikomoka kuri kariyeri ni FRW 1.000 kuri m3 y’ibikomoka kuri kariyeri biri mu modoka.",
ITEKA RYA PEREZIDA N° 075/01 RYO KU WA 04/12/2047 RISHYIRAHO AMAHORO YAKWA KURI SERIVISI NO KU BYEMEZO BITANGWA N’INZEGO Z’IMITEGEKERE Y’IGIHUGU ZEGEREJWE ABATURAGE,Iteka rya perezida,UMUTWE WA III: IBIPIMO NTARENGWA BY’AMAHORO YAKWA KURI SERIVISI NO KU BYEMEZO,Icyiciro cya 11: Ibipimo ntarengwa by’amafaranga yakwa nk’amahoro,Ingingo ya 24: Ubucuruzi bwo gupakira amatafari cyangwa amategura,"Ibipimo ntarengwa by’amafaranga yakwa nk’amahoro ku bucuruzi bwo gupakira amatafari cyangwa amategura bishyizweho ku buryo bukurikira: (a) FRW 1.000 kuri m3 y’amatafari ari mu modoka, kuri buri nshuro imodoka ipakiye amatafari; (b) 500 FRW kuri m3 y’amategura ari mu modoka kuri buri nshuro imodoka ipakiye amategura.",
ITEKA RYA PEREZIDA N° 075/01 RYO KU WA 04/12/2048 RISHYIRAHO AMAHORO YAKWA KURI SERIVISI NO KU BYEMEZO BITANGWA N’INZEGO Z’IMITEGEKERE Y’IGIHUGU ZEGEREJWE ABATURAGE,Iteka rya perezida,UMUTWE WA III: IBIPIMO NTARENGWA BY’AMAHORO YAKWA KURI SERIVISI NO KU BYEMEZO,Icyiciro cya 12: Ibipimo ntarengwa by’amafaranga yakwa nk’amahoro,Ingingo ya 25: Ibyasaruwe bikomoka ku mashyamba,"Ibipimo ntarengwa by’amafaranga yakwa nk’amahoro ku byasaruwe bikomoka ku mashyamba bishyizweho ku buryo bukurikira:(a) FRW 150 kuri buri rubaho
yishyurwa n’uwasatuye imbaho;

(b) FRW 150 kuri buri mufuka
w’amakara yishyurwa n’uwatwitse
amakara;

(c) FRW 1.000 kuri buri m3 y’inkwi
yishyurwa n’uwasaruye ishyamba;

(d) FRW 1.000 kuri buri m3 y’ibiti
yishyurwa n’uwasaruye ishyamba. ",
ITEKA RYA PEREZIDA N° 075/01 RYO KU WA 04/12/2049 RISHYIRAHO AMAHORO YAKWA KURI SERIVISI NO KU BYEMEZO BITANGWA N’INZEGO Z’IMITEGEKERE Y’IGIHUGU ZEGEREJWE ABATURAGE,Iteka rya perezida,UMUTWE WA IV: ISONERWA N’IVANWAHO RY’AMAHORO,Icyiciro cya 13: Ibipimo ntarengwa by’amafaranga yakwa nk’amahoro,Ingingo ya 26: Serivisi n’ibyemezo bisonewe amahoro,"1) Serivisi n’ibyemezo bikurikira bisonewe amahoro: (a) serivisi y’ihererekanya ry’uburenganzira ku mutungo utimukanwa; (b) icyemezo cy’umutungo w’ubutaka gitangwa na komite y’ubutaka; (c) icyemezo cy’iyandikishwa ry’ubutaka;(d) icyemezo cyo gusana
inyubako;

(e) icyemezo cyo kuvugurura
inyubako;

(f) icyemezo cyo kubaka
uruzitiro;

(g) uruhushya rwo kubaka mu
mudugudu w’icyaro;

(h) icyemezo cy’uko umuntu
akiriho;

(i) icyemezo cy’uko umuntu
yapfuye;

(j) uruhushya rwo gutwika
amakara, amatafari
n’amategura;

(k) uruhushya rwo gusarura
ishyamba;

(l) icyemezo cy’ubwishingire
bw’umuntu.

(2) Icyakora, isonerwa ry’amahoro kuri
serivisi n’ibyemezo bivugwa mu
gika cya (1) cy’iyi ngingo
ntirivanaho ko bigomba gusabwa mu nzego zibifitiye ububasha mbere
yo gukoreshwa icyo bigenewe. ",
ITEKA RYA PEREZIDA N° 075/01 RYO KU WA 04/12/2050 RISHYIRAHO AMAHORO YAKWA KURI SERIVISI NO KU BYEMEZO BITANGWA N’INZEGO Z’IMITEGEKERE Y’IGIHUGU ZEGEREJWE ABATURAGE,Iteka rya perezida,UMUTWE WA IV: ISONERWA N’IVANWAHO RY’AMAHORO,Icyiciro cya 14: Ibipimo ntarengwa by’amafaranga yakwa nk’amahoro,Ingingo ya 27: Ibinyabiziga n’amato bisonewe amahoro yakwa kuri parikingi rusange,"Ibinyabiziga n’amato bikurikira bisonewe amahoro yakwa kuri parikingi rusange: (a) ibinyabiziga cyangwa amato bya Leta, iby’ibigo n’iby’imishinga bya Leta bifite ibyapa bibiranga; (b) ibinyabiziga cyangwa amato by’Ambasade; (c) ibinyabiziga cyangwa amato by’imiryango mpuzamahanga ishamikiye ku Muryango w’Abibumbye n’iby’indi miryango mpuzamahanga ifitanye amasezerano yihariye na Leta y’u Rwanda; (d) ibinyabiziga byihariye byagenewe abafite ubumuga.",
ITEKA RYA PEREZIDA N° 075/01 RYO KU WA 04/12/2051 RISHYIRAHO AMAHORO YAKWA KURI SERIVISI NO KU BYEMEZO BITANGWA N’INZEGO Z’IMITEGEKERE Y’IGIHUGU ZEGEREJWE ABATURAGE,Iteka rya perezida,UMUTWE WA IV: ISONERWA N’IVANWAHO RY’AMAHORO,Icyiciro cya 15: Ibipimo ntarengwa by’amafaranga yakwa nk’amahoro,Ingingo ya 28: Kuvanirwaho amahoro atarishyuwe,"(1) Inama Njyanama y’urwego rw’imitegekere y’Igihugu rwegerejwe abaturage ishobora, mu gihe igena ibipimo by’amahoro, kuvaniraho abatishoboye amahoro y’ibirarane batashoboye kwishyura mu mwaka w’ingengo y’imari urangiye, iyo babisabye. (2) Umuntu usaba kuvanirwaho amahoro atashoboye kwishyura mu mwaka w’ingengo y’imari urangiye yandikira umuyobozi w’urwego rw’imitegekere y’Igihugu rwegerejwe abaturage agaragaza impamvu zifatika. Iyo Umuyobozi wandikiwe asanze ubusabe bufite ishingiro, akorera raporo Inama Njyanama y’urwego rw’imitegekere y’Igihugu rwegerejwe abaturage kugira ngo ibifateho icyemezo.",
ITEKA RYA PEREZIDA N° 075/01 RYO KU WA 04/12/2052 RISHYIRAHO AMAHORO YAKWA KURI SERIVISI NO KU BYEMEZO BITANGWA N’INZEGO Z’IMITEGEKERE Y’IGIHUGU ZEGEREJWE ABATURAGE,Iteka rya perezida,UMUTWE WA IV: ISONERWA N’IVANWAHO RY’AMAHORO,Icyiciro cya 16: Ibipimo ntarengwa by’amafaranga yakwa nk’amahoro,Ingingo ya 29: Urwego rushinzwe kugena ibipimo by’amahoro,(1) Inama Njyanama y’urwego rw’imitegekere y’Igihugu rwegerejwe abaturage ishinzwe kugena ibipimo by’amahoro ateganyijwe muri iri teka. (2) Inama Njyanama y’urwego rw’imitegekere y’Igihugu rwegerejwe abaturage igena ibipimo by’amahoro ishingiye ku bipimo ntarengwa biteganyijwe muri iri teka.,
ITEKA RYA PEREZIDA N° 075/01 RYO KU WA 04/12/2053 RISHYIRAHO AMAHORO YAKWA KURI SERIVISI NO KU BYEMEZO BITANGWA N’INZEGO Z’IMITEGEKERE Y’IGIHUGU ZEGEREJWE ABATURAGE,Iteka rya perezida,UMUTWE WA IV: ISONERWA N’IVANWAHO RY’AMAHORO,Icyiciro cya 17: Ibipimo ntarengwa by’amafaranga yakwa nk’amahoro,Ingingo ya 30: Itariki ntarengwa yo kugena ibipimo by’amahoro ateganyijwe muri iri teka,"(1) Inama Njyanama y’urwego rw’imitegekere y’Igihugu rwegerejwe abaturage igena ibipimo by’amahoro ateganyijwe muri iri teka bitarenze itariki ya 30 Kamena ya buri mwaka. (2) Icyakora, iyo Inama Njyanama y’urwego rw’imitegekere y’Igihugu rwegerejwe abaturage nta kindi cyemezo yafashe kirebana n’igenwa ry’ibipimo by’amahoro ateganyijwe muri iri teka, kugeza ku itariki
ivugwa mu gika cya (1) cy’iyi
ngingo, ibipimo yagennye umwaka
ubanza ni byo bikomeza
gukurikizwa mu mwaka
uwukurikira. ",
ITEKA RYA PEREZIDA N° 075/01 RYO KU WA 04/12/2054 RISHYIRAHO AMAHORO YAKWA KURI SERIVISI NO KU BYEMEZO BITANGWA N’INZEGO Z’IMITEGEKERE Y’IGIHUGU ZEGEREJWE ABATURAGE,Iteka rya perezida,UMUTWE WA IV: ISONERWA N’IVANWAHO RY’AMAHORO,Icyiciro cya 18: Ibipimo ntarengwa by’amafaranga yakwa nk’amahoro,Ingingo ya 31: Itangazwa ry’ibipimo by’amahoro ateganyijwe muri iri teka,(1) Icyemezo gifashwe n’Inama Njyanama y’urwego rw’imitegekere y’Igihugu rwegerejwe abaturage cyerekeye imisoro n’ibipimo by’amahoro gitangazwa kandi kikamanikwa ku nyubako zose z’ubuyobozi bw’urwego rw’imitegekere y’Igihugu rwegerejwe abaturage bireba n’ahandi hantu hahurira abantu benshi. (2) Urwego rw’imitegekere y’Igihugu rwegerejwe abaturage rushyikiriza Minisitiri ufite imisoro n’amahoro mu nshingano kopi y’icyemezo kivugwa mu gika cya (1) cy’iyi ngingo.,
ITEKA RYA PEREZIDA N° 075/01 RYO KU WA 04/12/2055 RISHYIRAHO AMAHORO YAKWA KURI SERIVISI NO KU BYEMEZO BITANGWA N’INZEGO Z’IMITEGEKERE Y’IGIHUGU ZEGEREJWE ABATURAGE,Iteka rya perezida,UMUTWE WA VI: INGINGO ZINYURANYE,Icyiciro cya 19: Ibipimo ntarengwa by’amafaranga yakwa nk’amahoro,Ingingo ya 32: Impinduka ku micungire y’umutungo rusange wishyurwaho amahoro,"Iyo umutungo rusange wishyurwagaho amahoro ateganywa n’iri teka weguriwe gucungwa n’abikorera ku bw’amasezerano bagiranye n’urwego rw’imitegekere y’Igihugu rwegerejwe abaturage, ayo masezerano nta ngaruka agira ku bipimo by’amahoro yatangwaga ku mikoreshereze y’uwo mutungo.",
ITEKA RYA PEREZIDA N° 075/01 RYO KU WA 04/12/2056 RISHYIRAHO AMAHORO YAKWA KURI SERIVISI NO KU BYEMEZO BITANGWA N’INZEGO Z’IMITEGEKERE Y’IGIHUGU ZEGEREJWE ABATURAGE,Iteka rya perezida,UMUTWE WA VI: INGINGO ZINYURANYE,Icyiciro cya 20: Ibipimo ntarengwa by’amafaranga yakwa nk’amahoro,Ingingo ya 33: Parikingi y’abikorera,"(1) Parikingi y’abikorera ni parikingi iri mu mbago z’ikibanza cy’abikorera kandi icungwa na nyirayo. (2) Icyakora, iyo nyirayo yishyuje amafaranga ya parikingi bifatwa nk’igikorwa kigamije inyungu bityo akishyura imisoro iteganywa n’amategeko abigenga.",
ITEKA RYA PEREZIDA N° 075/01 RYO KU WA 04/12/2057 RISHYIRAHO AMAHORO YAKWA KURI SERIVISI NO KU BYEMEZO BITANGWA N’INZEGO Z’IMITEGEKERE Y’IGIHUGU ZEGEREJWE ABATURAGE,Iteka rya perezida,UMUTWE WA VI: INGINGO ZINYURANYE,Icyiciro cya 21: Ibipimo ntarengwa by’amafaranga yakwa nk’amahoro,Ingingo ya 34: Kwirinda kwaka kabiri amahoro cyangwa amafaranga yakwa nk’amahoro,"Ibikorwa urwego rusoresha rwatseho amahoro cyangwa amafaranga yakwa nk’amahoro mbere y’uko iri teka ritangazwa
mu Igazeti ya Leta ya Repubulika y’u
Rwanda, ntibishobora kongera kwakwaho
amahoro cyangwa amafaranga yakwa
nk’amahoro y’ubwoko bumwe. ",
,,UMUTWE WA VII: INGINGO ZISOZA,Icyiciro cya 22: Ibipimo ntarengwa by’amafaranga yakwa nk’amahoro,Ingingo ya 35: Abayobozi bashinzwe gushyira mu bikorwa iri teka,Iri teka ryateguwe mu rurimi rw’Ikinyarwanda.,
,,UMUTWE WA VII: INGINGO ZISOZA,Icyiciro cya 23: Ibipimo ntarengwa by’amafaranga yakwa nk’amahoro,Ingingo ya 37: Ingingo ivanaho,Iteka rya Perezida n° 25/01 ryo ku wa 09/07/2012 rishyiraho urutonde kandi rigena ibipimo ntarengwa by’amahoro n’andi mafaranga yakirwa n’inzego z’ibanze rivanyweho.,
,,UMUTWE WA VII: INGINGO ZISOZA,Icyiciro cya 24: Ibipimo ntarengwa by’amafaranga yakwa nk’amahoro,Ingingo ya 38: Gutangira gukurikizwa,Iri teka ritangira gukurikizwa ku munsi ritangarijweho mu Igazeti ya Leta ya Repubulika y’u Rwanda.,
AMABWIRIZA YA KOMISERI MUKURU Nº 005/2020 YO KU WA 05/08/2020 AGENA IBISABWA N’IMIKORERE Y’ABANTU BAKORA UMWUGA WO KUNGANIRA ABASORESHWA,Amabwiriza,,Imisoro,Ingingo ya mbere: Icyo aya mabwiriza agamije,Aya mabwiriza agena ibisabwa n’imikorere y’abantu bakora umwuga wo kunganira abasoreshwa.,
AMABWIRIZA YA KOMISERI MUKURU Nº 005/2020 YO KU WA 05/08/2021 AGENA IBISABWA N’IMIKORERE Y’ABANTU BAKORA UMWUGA WO KUNGANIRA ABASORESHWA,Amabwiriza,,Imisoro,Ingingo ya 2: Ibisabwa mu guhagararira abandi mu misoro,"Usaba guhagararira no kunganira abasoreshwa mu bibazo bijyanye n’imisoro, asabwa kuba yujuje ibi bikurikira : 1o kuba afite nibura impamyabumenyi
ihanitse mu ibaruramari, mu misoro,
mu by’Imari, Ubukungu, Ubucuruzi,
Amategeko cyangwa Icungamutungo;

2o kuba ari inyangamugayo,
by’umwihariko atarigeze
akurikiranwaho icyaha cyo kunyereza
umusoro cyangwa umutungo wa
Leta;

3o kuba afite icyemezo gitangwa
n‘ubutabera cyo kuba atarakatiwe
n’inkiko ;

4o kuba atarirukaniwe icyaha cya
ruswa ;

5o kuba afite uburambe bw’imyaka
byibuze ibiri (2) mu kazi
k’ibaruramari, amategeko, igenzura
ry’imisoro cyangwa indi mirimo isa
nayo ;

6o ku byerekeye amasosiyete
y’ubufatanye, buri muntu atanga
impapuro asabwa kandi aryozwa
ibikorwa bye;

7o kuba yaratanze
amamenyeshamusoro ku nyungu ntibireba abantu basaba kunganira
abasoreshwa nta bundi bucuruzi
bakoze;

8o kuba atarimo umwenda
w’umusoro;

9o kwandikira Komiseri Mukuru asaba
uburenganzira bwo guhagararira no
kwunganira abasoreshwa. Ibaruwa
isaba igomba kuba iherekejwe n’ibi
bikurikira:

a) kopi y’icyemezo cy’iyandikisha
ry’ubucuruzi ;

b)  umwirondoro na kopi
y’impamyabushobozi iriho
umukono wa Noteri;

c) icyemezo cy’uko hishyuwe
amafaranga ibihumbi ijana
by’amafarangaa y’u Rwanda
(100.000 FWR) adasubizwa;

d) Kuba afite konti muri banki,
agasanduku k’iposita cyangwa e
mail, aho akorera hazwi
hashimangirwa n’amasezerano
y’ubukode cyangwa icyemezo
cy’umutungo.
y’imyaka ibiri (2) ishize. Ibi ariko",
AMABWIRIZA YA KOMISERI MUKURU Nº 005/2020 YO KU WA 05/08/2022 AGENA IBISABWA N’IMIKORERE Y’ABANTU BAKORA UMWUGA WO KUNGANIRA ABASORESHWA,Amabwiriza,,Imisoro,Ingingo ya 3: Ibibujijwe abahoze ari abakozi ba RRA,Abahoze ari abakozi ba RRA ntibemerewe guhagararira cyangwa kunganira abandi mu misoro ku birebana n’amadosiye bakoze bakiri muri RRA.,
AMABWIRIZA YA KOMISERI MUKURU Nº 005/2020 YO KU WA 05/08/2023 AGENA IBISABWA N’IMIKORERE Y’ABANTU BAKORA UMWUGA WO KUNGANIRA ABASORESHWA,Amabwiriza,,Imisoro,"Ingingo ya 4: Ikarita itangwa n'Ubuyobozi
bw'Imisoro",Ubuyobozi bw’Imisoro butanga amakarita ku bahawe uburenganzira bwo guhagararira abandi mu misoro.,
AMABWIRIZA YA KOMISERI MUKURU Nº 005/2020 YO KU WA 05/08/2024 AGENA IBISABWA N’IMIKORERE Y’ABANTU BAKORA UMWUGA WO KUNGANIRA ABASORESHWA,Amabwiriza,,Imisoro,"Ingingo ya 5: Igihe uburenganzira bwo
guhagararira abandi bumara ",Icyemezo cyo kwemererwa guhagararira no kunganira abasoreshwa kimara imyaka itatu (3) ishobora kongerwa gusa harebwe niba usaba acyujuje ibisabwa bivugwa mu ngingo ya 2 y’aya mabwiriza. Usaba kongererwa agaragaza icyemezo cy’uko yishyuye amafaranga ibihumbi mirongo itanu by’amafaranga y’u Rwanda (50.000 FRW) adasubizwa. Ikigo cy’Imisoro n’Amahoro gishobora gutesha agaciro urwo ruhushya igihe cyose uwaruhawe atacyujuje kimwe mu byangombwa biteganyijwe mu ngingo ya 2y’aya mabwiriza.  ,
AMABWIRIZA YA KOMISERI MUKURU Nº 005/2020 YO KU WA 05/08/2025 AGENA IBISABWA N’IMIKORERE Y’ABANTU BAKORA UMWUGA WO KUNGANIRA ABASORESHWA,Amabwiriza,,Imisoro,Ingingo ya 6: Imirimo ikorwa n’abahagararira abasoreshwa,"Imirimo ikorwa n’abahagararira abasoreshwa n’iyi ikurikira: 1o Gutegura no kugeza ku Kigo cy’Imisoro n’Amahoro imenyesha musoro ; 2o Guhagararira no kunganira umusoreshwa mu igenzura ry’Imisoro, mu nzego z’ubujurire no mu bindi bibazo byose bijyanye n’imisoro.",
AMABWIRIZA YA KOMISERI MUKURU Nº 005/2020 YO KU WA 05/08/2026 AGENA IBISABWA N’IMIKORERE Y’ABANTU BAKORA UMWUGA WO KUNGANIRA ABASORESHWA,Amabwiriza,,Imisoro,Ingingo ya 7: Ivanwaho ry'ingingo zinyuranyije n’aya mabwiriza,Amabwiriza yose abanziriza aya kandi anyuranyije nayo avanyweho.,
AMABWIRIZA YA KOMISERI MUKURU Nº 005/2020 YO KU WA 05/08/2027 AGENA IBISABWA N’IMIKORERE Y’ABANTU BAKORA UMWUGA WO KUNGANIRA ABASORESHWA,Amabwiriza,,Imisoro,Ingingo ya 8: Igihe aya mabwiriza atangira gukurikizwa,Aya mabwiriza atangira gukurikizwa ku munsi yatangarijweho mu Igazeti ya Leta ya Repubulika y’u Rwanda.,
AMABWIRIZA YA KOMISERI MUKURU Nº 001/2023 YO KU WA 11/01/2023 AGENA UBURYO BWO KUMENYEKANISHA NO KWISHYURA UMUSORO KU BIHEMBO N’UMUSORO KU NYONGERAGACIRO KU GIHEMBWE,Amabwiriza,,Imisoro,"
Ingingo ya mbere: Icyo aya mabwiriza
agamije ","
Aya mabwiriza agena uburyo bwo
kumenyekanisha no kwishyura umusoro ku
bihembo n’umusoro ku nyongeragaciro ku
gihembwe. ",
AMABWIRIZA YA KOMISERI MUKURU Nº 001/2023 YO KU WA 11/01/2024 AGENA UBURYO BWO KUMENYEKANISHA NO KWISHYURA UMUSORO KU BIHEMBO N’UMUSORO KU NYONGERAGACIRO KU GIHEMBWE,Amabwiriza,,Imisoro,Ingingo ya 2: Uburyo bwo kumenyekanisha umusoro ku bihembo n’umusoro ku nyongeragaciro,"(1) Usora ufite ibyacurujwe mu mwaka bingana cyangwa biri munsi ya 200.000.000 FRW akora imenyekanisha n’iyishyurwa ry’umusoro ku bihembo cyangwa umusoro ku nyongeragaciro rimwe mu gihembwe mu gihe cy’iminsi 15 ikurikira irangira ry’igihembwe kijyanye n’uwo musoro. (2) Ibihembwe bimenyekanishwa kandi bikishyurwa bitarenze amatariki akurikira: (a) igihembwe cya mbere kimenyekanishwa kikanishyurwa bitarenze 15 Mata ; (b) igihembwe cya kabiri kimenyekanishwa kikanishyurwa bitarenze 15 Nyakanga ; (c) igihembwe cya gatatu kimenyekanishwa kikanishyurwa bitarenze 15 Ukwakira ; (d) igihembwe cya kane kimenyekanishwa kikanishyurwa bitarenze 15 Mutarama. (3) Usora ufite ibyacurujwe bingana cyangwa biri munsi ya 200.000.000 FRW ku mwaka, uhisemo gukora imenyekanisha no kwishyura buri kwezi, asabwa kubanza kubimenyesha Ubuyobozi bw’Imisoro mu
nyandiko.

(4) Guhitamo kumenyekanisha no kwishyura
buri kwezi ntibishobora gusubirwamo
mbere y’imyaka ibiri.

(5) Icyakora iyo umubare w’ibyacurujwe mu
mwaka uhindutse ukarenga 200.000.000
FRW, usora agomba kumenyekanisha no
kwishyura umusoro ku bihembo cyangwa
umusoro ku nyongeragaciro buri kwezi.


(6) Mu gushyira mu bikorwa aya mabwiriza, ku
bijyanye n’umwaka wa 2022, igihembwe
cya 4 nk’uko kivugwa mu gika cya 2 cy’iyi
ngingo, kigomba kumenyekanishwamo
gusa ibirebana n’ukwezi kw’Ukuboza kandi
bigakorwa bitarenze 15 Mutarama 2023",
AMABWIRIZA YA KOMISERI MUKURU Nº 001/2023 YO KU WA 11/01/2025 AGENA UBURYO BWO KUMENYEKANISHA NO KWISHYURA UMUSORO KU BIHEMBO N’UMUSORO KU NYONGERAGACIRO KU GIHEMBWE,Amabwiriza,,Imisoro,Ingingo ya 3: Ivanwaho ry'ingingo zinyuranyije n’aya mabwiriza,Ingingo zose z’amabwiriza yose abanziriza aya kandi anyuranyije nayo zivanyweho.,
AMABWIRIZA YA KOMISERI MUKURU Nº 001/2023 YO KU WA 11/01/2026 AGENA UBURYO BWO KUMENYEKANISHA NO KWISHYURA UMUSORO KU BIHEMBO N’UMUSORO KU NYONGERAGACIRO KU GIHEMBWE,Amabwiriza,,Imisoro,Ingingo ya 4: Ingingo y’Ururimi,Aya mabwiriza yateguwe mu rurimi rw’Ikinyarwanda.,
AMABWIRIZA YA KOMISERI MUKURU Nº 001/2023 YO KU WA 11/01/2027 AGENA UBURYO BWO KUMENYEKANISHA NO KWISHYURA UMUSORO KU BIHEMBO N’UMUSORO KU NYONGERAGACIRO KU GIHEMBWE,Amabwiriza,,Imisoro,Ingingo ya 5: Gutangira gukurikizwa,Aya mabwiriza atangira gukurikizwa kuva ku munsi yatangarijweho mu Igazeti ya Leta ya Repubulika y’u Rwanda.,
